claim-id,claim,gold-evidence,retrieved,MRR@10
c1,"A user on X (formerly Twitter) posted: “Momina Iqbal is a great actress and has played some good roles. But today I found out that she is a transgender, and my respect for her has grown.”",g1,"['g1', 'page_40', 'g18', 'page_7305', 'page_2557', 'page_11199', 'page_6277', 'page_5607', 'page_10784', 'page_3473']",1.0
c2,A video shows civilians passengers released by the BLA a few hours after the separatist militant group hijacked the Jaffar Express in March 2025.,g2,"['g11', 'page_3', 'g2', 'g15', 'g17', 'page_21', 'g25', 'page_19', 'page_15', 'page_13']",0.3333333333333333
c3,"Water tanker runs over man, pregnant wife and newborn in Karachi",g3,"['g3', 'page_5251', 'page_4747', 'g6', 'page_696', 'page_11523', 'page_8445', 'page_8442', 'page_1434', 'page_6698']",1.0
c4,"In Punjab, electricity bill will be free for the month of Ramadan"", which has since been shared over 125 times and liked over 1,400 times at the time of writing.",g4,"['g4', 'page_7537', 'page_9044', 'page_5960', 'page_1638', 'page_8905', 'page_3244', 'page_10403', 'page_3237', 'page_2977']",1.0
c5,"people burning the Pakistani flag, with the caption: ""Lower Kurram's Bagan area update: Today in the Bagan area of Kurram district, the people of Bagan set the flag of Pakistan on fire in broad daylight.""",g5,"['g5', 'page_98', 'page_2121', 'page_6069', 'page_7547', 'page_7394', 'page_7466', 'page_6144', 'page_342', 'page_948']",1.0
c6, A video shows two men and their motorcycle being dragged under a dumper truck’s front tyres for a few hundred metres after it hit them and tried to speed away in Karachi.,g6,"['g6', 'page_44', 'page_1473', 'page_3011', 'g38', 'g3', 'page_1055', 'page_5483', 'page_940', 'page_1419']",1.0
c7,Babar Azam announced his retirement from international cricket,g7,"['g7', 'page_14', 'page_8730', 'page_8490', 'page_7885', 'page_11641', 'page_11646', 'page_8018', 'page_2600', 'page_4925']",1.0
c8,Failed love story: American woman returns home after spending nearly four months in Pakistan,g8,"['g8', 'page_6261', 'page_5758', 'page_6177', 'page_7163', 'page_3346', 'page_10449', 'page_4147', 'page_4654', 'page_10436']",1.0
c9," Journalist Waseem Badami recently asserted that the Federal Investigation Agency (FIA) had consolidated all of Maulana Tariq Jameel’s bank accounts, totalling PKR 49 billion.",g9,"['g9', 'page_2', 'page_2562', 'page_2814', 'page_2823', 'page_8686', 'page_3905', 'page_2678', 'page_3514', 'page_7244']",1.0
c10,Scam alert: viral video spreads false information about US visa for Pakistanis,g10,"['page_90', 'page_63', 'page_7920', 'g55', 'page_868', 'page_989', 'page_4617', 'page_3109', 'page_1159', 'page_3318']",0.0
c11,A video shows civilians passengers released by the BLA a few hours after the separatist militant group hijacked the Jaffar Express in March 2025.,g11,"['g11', 'page_3', 'g2', 'g15', 'g17', 'page_21', 'g25', 'page_19', 'page_15', 'page_13']",1.0
c12,A picture shows the dead bodies of the BLA militants who were killed in an operation by the Pakistan Army after the armed group targeted and hijacked Jaffar Express on 11 March 2025.,g12,"['g12', 'page_15', 'page_10', 'page_21', 'g15', 'g17', 'g25', 'page_13', 'g11', 'g2']",1.0
c13,Trump has agreed to recognise the government of Afghanistan.,g13,"['g13', 'page_24', 'page_9896', 'page_4528', 'page_6784', 'page_6671', 'page_6587', 'page_6734', 'page_2610', 'page_6666']",1.0
c14,"On his three-day visit to the US in 2019, former premier Imran Khan was not received by any American official, forcing him to travel by metro train inside the US.",g14,"['g14', 'page_23', 'page_539', 'page_118', 'page_45', 'g107', 'page_824', 'page_1291', 'page_1233', 'page_3813']",1.0
c15,A video clip shows four army helicopters heading to Bolan to counter BLA militants who had hijacked Jaffar Express on 11 March 2025,g15,"['g15', 'page_13', 'g2', 'g11', 'g17', 'page_21', 'page_652', 'page_10', 'page_3', 'g25']",1.0
c16,The Chief Justice of Pakistan Yahya Afridi freed Imran Khan from jail,g16,"['g16', 'page_16', 'page_11215', 'page_10955', 'page_11221', 'page_11225', 'page_892', 'page_560', 'page_6009', 'page_677']",1.0
c17,A video shows the Pakistani military’s operation against the Balochistan Liberation Army (BLA) after the hijacking of the Jaffar Express in Balochistan,g17,"['g17', 'g15', 'page_19', 'g25', 'g11', 'g2', 'g20', 'page_7', 'page_13', 'page_3']",1.0
c18,"During a medical test, it was found that Dr Mahrang Baloch is transgender.",g18,"['g18', 'page_17', 'page_11372', 'page_691', 'page_10392', 'page_6292', 'page_2695', 'page_222', 'page_5890', 'page_1331']",1.0
c19,A video shows the New Zealand government’s anthem featuring the 99 names of God which was performed at the Abdala church.,g19,"['g19', 'page_29', 'page_2061', 'page_10033', 'page_7759', 'page_5823', 'page_10022', 'page_10015', 'page_1251', 'page_1277']",1.0
c20,A video of Salman Akram Raja expressing support for Mahrang Baloch proves the Pakistan Tehreek-e-Insaf is linked to the Balochistan Liberation Army (BLA) and its attack on Jaffar Express.,g20,"['g20', 'page_26', 'g17', 'page_19', 'g15', 'g2', 'g25', 'page_36', 'g11', 'page_3']",1.0
c21,A video shows Bilawal Bhutto Zardari criticising Shehbaz Sharif and the PML-N while speaking at the National Assembly.,g21,"['g21', 'page_39', 'g22', 'page_38', 'page_645', 'g42', 'g57', 'g60', 'page_1478', 'page_153']",1.0
c22,"During a heated speech in the National Assembly, Shazia Marri allegedly said, “Release Imran Khan, or you’ll have to face Trump’s wrath.",g22,"['g22', 'page_38', 'g44', 'page_74', 'g53', 'g108', 'page_119', 'page_152', 'page_817', 'page_2122']",1.0
c23,"During a recent interview, former Chief Justice Qazi Faez Isa claimed that hidden powers influenced anti-PTI verdicts and his role was limited. ",g23,"['g23', 'page_30', 'page_2057', 'page_11091', 'page_734', 'page_11778', 'page_10171', 'page_11295', 'page_11090', 'page_11039']",1.0
c24,The State Bank of Pakistan (SBP) will not issue fresh banknotes ahead of Eid-ul-Fitr this year.,g24,"['g24', 'page_34', 'page_1690', 'page_3676', 'g79', 'page_854', 'page_3945', 'page_317', 'page_1467', 'page_7959']",1.0
c25,A viral video on social media shows an improvised explosive device (IED) attack on Jaffar Express in Balochistan by the Baloch Liberation Army (BLA).,g25,"['g25', 'page_36', 'page_2058', 'page_7', 'g17', 'g15', 'page_13', 'page_3', 'g11', 'page_4248']",1.0
c26,"Justice Mansoor Ali Shah said “For Pakistan’s better future, former Prime Minister Imran Khan must be brought back.”",g26,"['g26', 'page_37', 'page_11026', 'page_10836', 'page_6256', 'page_10605', 'page_6496', 'page_1688', 'page_9077', 'page_10441']",1.0
c27,"The United Kingdom has banned five Pakistani banks from being used for submitting bank statements in student visa applications. These banks include UBL Bank, MCB Bank, National Bank of Pakistan, Faysal Bank, and Allied Bank.",g27,"['g27', 'page_31', 'page_430', 'page_3109', 'page_1674', 'page_3318', 'page_3021', 'page_3716', 'page_5526', 'page_8604']",1.0
c28,A video shows Indian spectators chanting “Qaidi [Prisoner] Number 804” during the India vs. Pakistan match at the ICC Champions Trophy 2025 in Dubai,g28,"['g28', 'page_43', 'g50', 'page_79', 'page_4783', 'page_5270', 'page_5348', 'page_5363', 'page_9826', 'page_10543']",1.0
c29,Hamid Mir revealed that Imran Khan recently slapped a colonel in Adiala jail.,g29,"['g29', 'page_42', 'page_2163', 'page_567', 'page_725', 'page_539', 'page_560', 'page_882', 'page_892', 'page_840']",1.0
c30,Turkish President Recep Tayyip Erdoğan reminisced about Imran Khan while addressing the National Assembly during his February 2025 trip. He said he “wished” that he “could shake hands with” the former prime minister and hoped to “meet Imran Khan” in the future.,g30,"['g30', 'page_45', 'page_2063', 'page_5443', 'page_5537', 'page_5623', 'page_1444', 'page_5529', 'page_6503', 'page_5665']",1.0
c31,New Zealand cricketer Rachin Ravindra’s phone was stolen from a hospital in Lahore where he was undergoing treatment for an injury,g31,"['g31', 'page_47', 'page_5730', 'page_11380', 'page_4978', 'page_3669', 'page_7938', 'page_11686', 'page_2761', 'page_6692']",1.0
c32,"Dubai will give individuals 50,000 dirhams if they give birth to babies.",g32,"['g32', 'page_46', 'page_1211', 'page_8214', 'page_4879', 'page_5898', 'page_8489', 'g158', 'page_11196', 'page_4783']",1.0
c33,A video shows Ukrainian President Volodymyr Zelenskyy dancing.,g33,"['g33', 'page_41', 'page_287', 'page_5213', 'page_4739', 'page_2365', 'page_1884', 'page_1185', 'page_1605', 'page_9909']",1.0
c34,The Pakistan cricket team is the first hosting team in history to get eliminated first in a championship.,g34,"['g34', 'page_50', 'page_5033', 'page_4596', 'page_9249', 'page_8806', 'page_8569', 'page_4686', 'page_5070', 'page_5382']",1.0
c35," A collage of photos shows Sudan’s Defence Minister Aqeed Ibrahim, comparing how he appeared during his time in power to his current impoverished state.",g35,"['g35', 'g63', 'page_57', 'page_1888', 'page_251', 'page_3786', 'page_959', 'page_586', 'page_8820', 'g61']",1.0
c36,Geo News reported that Qayamat has been postponed.,g36,"['g36', 'page_56', 'page_5883', 'page_9637', 'page_3093', 'page_7099', 'page_11566', 'page_8520', 'page_7494', 'page_7507']",1.0
c37,"Chief Minister of Punjab, Maryam Nawaz, stated that Punjab would be the first province in Pakistan to transition its mass transit system to electric vehicles.",g37,"['g37', 'page_55', 'g120', 'page_5236', 'page_6162', 'page_7122', 'page_2897', 'page_4749', 'page_4793', 'page_5220']",1.0
c38,A video shows vehicles bumping over a pothole-ridden road in Karachi.,g38,"['g38', 'page_58', 'page_2065', 'g6', 'page_1473', 'page_1434', 'page_940', 'page_1781', 'page_7526', 'page_7900']",1.0
c39,A rally was held in China in support of Imran Khan.  ,g39,"['g39', 'page_60', 'page_1567', 'page_1562', 'page_152', 'page_1298', 'page_1412', 'page_9851', 'page_9840', 'page_534']",1.0
c40,A video shows Trump breaking down and crying over the January 2025 Los Angeles wildfires during a visit to the disaster site in California.,g40,"['g40', 'page_66', 'g98', 'page_86', 'g100', 'page_93', 'page_84', 'page_127', 'page_7154', 'g55']",1.0
c41, A video shows a man accusing soldiers of the Pakistan Army of assaulting his daughter.  ,g41,"['g41', 'page_2069', 'page_61', 'page_1013', 'page_1835', 'page_897', 'page_768', 'page_667', 'page_125', 'g90']",1.0
c42,A video circulating online claims that Prime Minister Shehbaz Sharif accused Chief of Army Staff General Asim Munir of destroying the country and doing so in Sharif’s name.,g42,"['g42', 'page_72', 'g21', 'g60', 'page_518', 'page_1047', 'page_1478', 'page_157', 'page_1568', 'page_125']",1.0
c43,"A viral post on social media claimed that the Bangladesh military has been abolished and replaced with a new ‘Border Security Force’, which exclusively handles border security. ",g43,"['g43', 'page_73', 'page_563', 'page_945', 'g45', 'page_10757', 'page_1125', 'page_8553', 'page_6763', 'g5']",1.0
c44,US President Donald Trump called Imran Khan a convict who was involved in fraudulent cases. Trump further said that the Pakistani diaspora in the US urged him to advocate for the release of the jailed former Prime Minister of Pakistan.,g44,"['g44', 'page_74', 'g108', 'g107', 'g53', 'page_119', 'page_2122', 'page_162', 'page_8043', 'page_4053']",1.0
c45,A video shows Pakistani forces attacking a post by the Afghan Taliban near the Pakistan-Afghanistan border and also shooting down their quadcopter.,g45,"['g45', 'page_75', 'g46', 'page_70', 'page_563', 'page_2089', 'page_467', 'page_95', 'g17', 'page_1640']",1.0
c46,Video shows the Pakistan Army opening fire at the Afghan Taliban.,g46,"['g46', 'page_70', 'g45', 'page_75', 'g17', 'page_2089', 'page_95', 'page_467', 'page_563', 'page_1640']",1.0
c47,The image shows a Delta passenger jet lying upside down after it made a rough landing and crashed at Toronto Pearson Airport in Canada on 17 February.,g47,"['g47', 'page_67', 'page_5319', 'page_1932', 'page_7162', 'page_2444', 'page_7731', 'page_1933', 'page_5786', 'page_223']",1.0
c48,"Spectators at the Rawalpindi Cricket Stadium chanted against the Federal Minister for Information and Broadcasting Attaullah Tarar, calling him a thief [“chor chor”], when the camera focused on him.",g48,"['g48', 'page_65', 'page_79', 'g50', 'page_9763', 'g28', 'page_1516', 'g59', 'page_1568', 'page_1308']",1.0
c49,"Geo News reported that England needed 50,000 urgent workers and 10 companies are offering free visas.",g49,"['g49', 'page_63', 'page_8604', 'page_6305', 'page_2756', 'page_3716', 'page_7920', 'page_6923', 'page_322', 'page_8539']",1.0
c50, A video shows the crowd at the National Stadium in Karachi chanting “Qaidi Number 804” when batsman Babar Azam appeared to speak.,g50,"['g50', 'page_79', 'g28', 'page_43', 'page_2068', 'g48', 'page_2152', 'page_5600', 'page_65', 'page_11340']",1.0
c51,An image shows former Pakistani military chief Gen (r) Qamar Javed Bajwa in a swimming pool posing alongside a woman wearing a swimsuit.,g51,"['g51', 'page_81', 'page_1255', 'page_1253', 'page_4515', 'page_1289', 'page_1724', 'page_1626', 'page_1723', 'page_9153']",1.0
c52,A video shows an elderly woman being dragged and attacked by stray dogs on a street in Karachi. ,g52,"['g52', 'page_83', 'page_12', 'page_531', 'page_1636', 'page_8007', 'page_133', 'page_10670', 'page_845', 'page_11135']",1.0
c53,"An video clip circulating on social media supposedly features US President Donald Trump making statements about Imran Khan and Pakistan’s incumbent government in an interview. He can be heard criticising former US President Joe Biden, Prime Minister of Pakistan Shehbaz Sharif and the Pakistani Army.",g53,"['g53', 'page_82', 'g44', 'page_566', 'g55', 'page_162', 'page_74', 'page_119', 'g108', 'page_10138']",1.0
c54,"PTI’s Junaid Akbar recently met Manzoor Pashteen, founder and head of the Pashtun Tahafuz Movement (PTM) ahead of PTI’s rally on 8 February in Swabi.",g54,"['g54', 'page_80', 'page_2771', 'page_6512', 'page_302', 'page_5258', 'page_11780', 'page_169', 'page_10041', 'page_5638']",1.0
c55,"On March 22, an Instagram user shared a 24-second video allegedly showing Donald Trump stating: “I know that Christians in Pakistan are living very difficult lives. False blasphemy accusations are made against them. Christian girls are forcibly converted to Islam and are called derogatory names like easi and chura. If the Pakistani government does not put an end to these injustices, I will bring all Pakistani Christians to America.",g55,"['g55', 'page_5', 'page_2160', 'page_315', 'page_2148', 'page_10138', 'page_1740', 'g71', 'page_201', 'page_2102']",1.0
c56,New Zealand beat Pakistan by 43 runs to sweep ODI series 3-0,g56,"['g56', 'page_3315', 'page_5660', 'page_3667', 'page_3470', 'page_5269', 'page_3764', 'page_11305', 'page_3935', 'page_10662']",1.0
c57,"A video shows Bushra Bibi, wife of the former Prime Minister Imran Khan, addressing a crowd unveiled.",g57,"['g57', 'page_150', 'page_2112', 'page_2129', 'page_447', 'page_9777', 'page_941', 'page_9581', 'page_9703', 'page_6']",1.0
c58,Ali Amin Gandapur accused Bushra Bibi of corruption and collecting extortion money in Peshawar.,g58,"['g58', 'page_153', 'page_9659', 'page_9608', 'page_9665', 'page_6', 'g57', 'page_7191', 'page_9737', 'page_10895']",1.0
c59, A doctor displayed anger and frustration at the government after witnessing casualties from the recent PTI protest at D-Chowk.,g59,"['g59', 'page_160', 'page_2104', 'page_186', 'page_246', 'page_122', 'page_191', 'page_161', 'page_9633', 'page_2548']",1.0
c60,A video shows Nawaz Sharif belittling Khawaja Asif during a press conference.,g60,"['g60', 'page_157', 'page_830', 'page_986', 'page_2115', 'page_518', 'page_145', 'page_193', 'g42', 'page_1005']",1.0
c61,"A picture shows a sea of containers that were put in place ahead of the PTI’s November march, blocking a road in Islamabad.",g61,"['g61', 'page_188', 'page_204', 'page_170', 'page_9648', 'page_1506', 'page_9683', 'page_9762', 'page_9592', 'page_9393']",1.0
c62,"An image of a wounded girl has surfaced on social media, who was injured during the recent violence in Parachinar.",g62,"['g62', 'page_195', 'page_174', 'g90', 'page_693', 'page_2125', 'page_404', 'page_353', 'page_1316', 'page_529']",1.0
c63,"A collage of photos shows Sudan’s Defence Minister Aqeed Ibrahim, comparing how he appeared during his time in power to his current impoverished state.",g63,"['g35', 'g63', 'page_57', 'page_1888', 'page_251', 'page_3786', 'page_959', 'page_586', 'page_8820', 'g61']",0.5
c64,"Geo News reported that a new mobile application called ‘mizmaxs’ allows you to earn PKR 1,200 as soon as you download it and you can keep earning more from that point.  The report also claims that you can earn money every 4 minutes if you have a phone with a touchscreen.",g64,"['g64', 'page_89', 'page_63', 'page_6530', 'page_5801', 'page_3331', 'page_9034', 'page_7665', 'page_8898', 'page_5593']",1.0
c65,French medical reports show that Algerian boxer Imane Khelif was born as a man with XY chromosomes.,g65,"['g65', 'page_131', 'page_274', 'page_182', 'g74', 'page_267', 'page_262', 'page_713', 'page_141', 'page_8074']",1.0
c66,"Shahbaz Gill defended Richard Grenell and spoke against criticisms of Grenell based on his sexual orientation, saying it is a sign of ignorance to criticise him for his sexuality.",g66,"['g66', 'page_130', 'page_2095', 'page_2096', 'page_141', 'page_1401', 'page_1420', 'page_2179', 'page_8057', 'page_1400']",1.0
c67,There are now over 100 Sharia courts in the UK.,g67,"['g67', 'page_148', 'g69', 'page_489', 'page_8166', 'page_165', 'page_2247', 'page_5672', 'page_4811', 'page_7202']",1.0
c68, Migratory birds returned to the “highlands of Afghanistan” after the withdrawal of US-led international troops in 2021. A video showing numerous birds near the mountains serves as evidence.,g68,"['g68', 'page_146', 'page_6589', 'page_7880', 'g45', 'page_1733', 'page_362', 'page_1409', 'page_1187', 'page_467']",1.0
c69,"50% of Muslims and 70% of Pakistanis in the UK are inbred, and the majority of disabled children in the UK are born to Muslim parents",g69,"['g69', 'page_165', 'page_489', 'page_760', 'page_6720', 'page_52', 'page_148', 'page_7911', 'g67', 'page_7202']",1.0
c70,Pictures show Jennifer Lopez wearing a sacred sword during a performance at Riyadh Season 2024.,g70,"['g70', 'page_178', 'page_4689', 'page_2116', 'page_199', 'page_8634', 'g113', 'page_9653', 'page_6364', 'page_5469']",1.0
c71,A video from Pakistan shows a woman from a religious minority being forcefully converted to Islam,g71,"['g71', 'page_201', 'page_450', 'page_501', 'page_1588', 'page_133', 'page_2160', 'page_1835', 'page_1722', 'page_1740']",1.0
c72,"A video shows Palestinian women wearing a burqa, a loose-fitting garment covering the whole body, participating in a beauty pageant.",g72,"['g72', 'page_240', 'page_772', 'page_771', 'page_814', 'page_460', 'page_784', 'page_557', 'page_818', 'page_799']",1.0
c73,Authorities have recovered slaughtered dogs and food made with dog meat from restaurants in Karachi.,g73,"['g73', 'page_269', 'page_842', 'page_1152', 'page_8007', 'g52', 'page_1194', 'page_83', 'page_11135', 'page_2552']",1.0
c74,"Heather Swanson, a transgender cartoon character from the South Park animated series, is comparable to real-life Algerian boxer Imane Khelif.",g74,"['g74', 'page_267', 'g65', 'page_182', 'page_274', 'page_131', 'page_262', 'page_10552', 'page_485', 'page_5492']",1.0
c75, Imran Khan said “no one understood but the Israeli newspaper has praised me and said I am the only leader in Pakistan with credibility.”,g75,"['g75', 'page_286', 'page_434', 'page_2145', 'page_1574', 'page_3348', 'page_1552', 'page_850', 'page_614', 'page_1542']",1.0
c76," Pakistan army’s emblem is engraved into a door of Pataudi House in Haryana, India",g76,"['g76', 'page_282', 'page_11180', 'page_11348', 'page_7709', 'page_11755', 'page_7710', 'page_5151', 'page_10942', 'page_6011']",1.0
c77,A widely circulated image shows Natasha Danish recording herself while driving recklessly. Natasha was involved in a deadly traffic accident in Karachi in August.,g77,"['g77', 'page_281', 'g169', 'g171', 'page_348', 'g168', 'g164', 'page_329', 'g172', 'page_333']",1.0
c78,Arab citizens and singers released a song celebrating Israel’s recent pager attacks in Lebanon.,g78,"['g78', 'page_289', 'page_268', 'page_548', 'page_11095', 'page_713', 'page_3475', 'page_11757', 'page_1251', 'page_7707']",1.0
c79,"The SBP has shortlisted designs for the new banknotes, of which some will be selected as the official currency note after the Government of Pakistan’s approval.",g79,"['g79', 'page_317', 'page_6368', 'page_1687', 'page_1467', 'page_3676', 'page_34', 'page_1690', 'page_3352', 'page_6235']",1.0
c80,India’s Zindagi channel apologised to its viewers for the TV series “Barzakh” and took down all of the show’s episodes from YouTube.,g80,"['g80', 'page_321', 'page_5631', 'page_5522', 'page_3867', 'page_154', 'page_5274', 'page_1303', 'page_2568', 'page_1695']",1.0
c81,Video shows injured Hamas leader Ismail Haniyeh’s last moments before his death. ,g81,"['g81', 'page_337', 'page_349', 'page_334', 'page_8171', 'page_11400', 'page_784', 'page_806', 'page_812', 'page_794']",1.0
c82,Kababjees University of Science and Technology does not exist,g82,"['page_347', 'g82', 'page_1322', 'page_4065', 'page_4245', 'page_521', 'page_32', 'page_280', 'page_1161', 'page_1143']",0.5
c83,"Elon Musk alleged that Google has banned searches for Republican presidential candidate Donald Trump, preventing users from finding relevant results when searching for Trump’s name.",g83,"['g83', 'page_355', 'page_96', 'page_1244', 'page_8208', 'page_5636', 'page_5974', 'page_3811', 'page_11101', 'page_5290']",1.0
c84,A stone tablet depicting a man in front of a computer proves technology existed in “ancient times”,g84,"['g84', 'page_458', 'page_8357', 'page_5199', 'page_1891', 'page_8194', 'page_3434', 'page_4475', 'page_6832', 'g92']",1.0
c85,"New technology allows hackers to extract fingerprints from photographs posted online where a person’s fingertips are visible, when making a peace sign, for example. These biometric details can then be used to hack into someone’s phone or commit a range of cybercrimes, including bypassing authentication processes and hacking into banking accounts. A good way to mitigate this risk is by blurring the fingertips in the photographs that you post on social media. ",g85,"['g85', 'page_488', 'page_4959', 'page_8524', 'page_4536', 'page_4362', 'page_4575', 'page_8642', 'page_4678', 'page_3331']",1.0
c86,Elon Musk has acquired Stanford University.,g86,"['g86', 'page_301', 'page_5636', 'page_6886', 'page_5573', 'page_5618', 'page_7196', 'page_3322', 'page_11153', 'page_11762']",1.0
c87,All Confucius Institutes in Pakistan have been shut down. Confucius Institutes are Chinese language and culture centers set up through partnerships between universities in Pakistan and the Chinese International Education Foundation.,g87,"['g87', 'page_1514', 'page_1819', 'page_8595', 'page_8137', 'page_11585', 'page_10277', 'page_6345', 'page_9259', 'page_9116']",1.0
c88,"A misleading tweet claimed that “75% Pakistanis have never read a book outside their syllabus,” citing Gallup Pakistan, a survey research and consultancy firm affiliated with Gallup International, as an official source",g88,"['g88', 'page_1652', 'page_1145', 'page_1301', 'page_938', 'page_1676', 'page_2133', 'page_2067', 'page_945', 'page_1028']",1.0
c89, Open AI’s new model O3 will change everything since artificial general intelligence (AGI) is finally here.,g89,"['g89', 'page_142', 'page_8291', 'page_6041', 'page_8843', 'page_8173', 'page_6134', 'page_2212', 'page_8194', 'page_8016']",1.0
c90,"A violent video of a man being beaten up in a river, with his hands and feet tied together, is from the recent attacks on the Shia community in Parachinar.",g90,"['g90', 'page_149', 'page_2120', 'page_353', 'page_1079', 'page_174', 'page_2143', 'page_315', 'page_1026', 'page_1835']",1.0
c91,"A viral video shows a man  walking into an elevator with an e-bike battery, which almost instantly bursts into flames, causing an explosion inside the lift. In the latter half of the video, the same man can be seen being dragged out of the elevator, unconscious and almost completely covered with burn marks. ",g91,"['g91', 'page_327', 'page_5179', 'page_624', 'page_2146', 'page_243', 'page_3377', 'page_1865', 'page_93', 'page_4325']",1.0
c92,A video claims to show an eight-foot-long centipede,g92,"['g92', 'page_399', 'page_799', 'g97', 'page_921', 'page_742', 'page_792', 'g55', 'page_848', 'page_1703']",1.0
c93,"Viral posts on social media claimed that Dr Gilbert A Kwak, a professor at ICBS General Hospital, stated that hot fig water can cure cancer and that hot figs can “destroy” cancer cells.",g93,"['g93', 'page_421', 'page_1624', 'page_1816', 'page_1127', 'page_1817', 'page_1150', 'page_1111', 'page_9334', 'page_5486']",1.0
c94, A viral Snapchat mashup shows several video clips of the recent rainstorm in the UAE.,g94,"['g94', 'page_515', 'page_1461', 'page_1434', 'page_1428', 'page_496', 'page_1832', 'page_1790', 'page_1419', 'page_1716']",1.0
c95,Director General of WHO Dr Tedros Adhanom has said that Disease X is a global problem and that we should be prepared for it.,g95,"['g95', 'page_675', 'page_7541', 'page_10055', 'page_10751', 'page_4665', 'page_10141', 'page_5908', 'page_1901', 'page_1856']",1.0
c96,"India’s Narendra Modi and Joe Biden are seen taking a stroll together and sharing a meal. Both are wearing traditional dresses, an orange turban, and garlands of marigolds in some pictures",g96,"['g96', 'page_827', 'page_10514', 'page_5494', 'page_10189', 'page_1881', 'page_10358', 'page_10004', 'page_10454', 'page_5448']",1.0
c97,A video shows a bird breathing fire from its mouth.,g97,"['g97', 'page_1332', 'g99', 'page_85', 'page_1436', 'page_243', 'page_624', 'page_1130', 'page_146', 'page_1656']",1.0
c98,A video shows Donald Trump seeking forgiveness from Allah following the devastating fires in Los Angeles.,g98,"['g98', 'page_86', 'g40', 'page_66', 'page_2078', 'page_2044', 'g55', 'page_5', 'page_1620', 'page_3462']",1.0
c99,"A bird that can breathe fire or shoot fire from its eyes caused the Los Angeles wildfires, according to a video",g99,"['g99', 'page_85', 'g97', 'page_93', 'page_1332', 'page_92', 'g106', 'page_94', 'page_127', 'page_2075']",1.0
c100,A video shows a large group of people sleeping in an open ground after losing their homes in the Los Angeles wildfires,g100,"['g100', 'page_84', 'page_2079', 'g40', 'g101', 'page_7205', 'page_66', 'page_10419', 'page_94', 'page_93']",1.0
c101,A series of images shows the wildfire in Los Angeles.,g101,"['g101', 'page_94', 'g40', 'page_93', 'page_6585', 'page_2080', 'page_92', 'page_7046', 'page_10419', 'page_66']",1.0
c102,A video shows Jerusalem’s al-Aqsa mosque during Friday prayer.,g102,"['g102', 'page_111', 'page_517', 'page_818', 'page_2047', 'page_1046', 'page_1240', 'page_2148', 'page_784', 'page_1053']",1.0
c103,"West Indies cricketer Chris Gayle was seen enjoying the snow in Kumrat valley, Khyber Pakhtunkhwa.",g103,"['g103', 'page_107', 'page_9412', 'page_10894', 'page_6507', 'page_7445', 'page_6951', 'page_8903', 'page_6746', 'page_10311']",1.0
c104,"YouTuber Luke Damant, who was missing for days, has been found dead in Jalalabad, Afghanistan, three weeks after entering the country via Pakistan.",g104,"['g104', 'page_115', 'page_7421', 'page_6646', 'page_8397', 'page_6179', 'page_9184', 'page_2377', 'page_8486', 'g90']",1.0
c105,A video shows Richard Grenell praising Imran Khan during a speech at the Republican National Convention.,g105,"['g105', 'page_110', 'page_2087', 'g53', 'g110', 'page_2084', 'page_141', 'page_2145', 'page_8057', 'page_566']",1.0
c106,A video shows a firefighting plane crashing shortly after takeoff while attempting to douse a fire in Los Angeles in January 2025,g106,"['g106', 'page_127', 'page_2075', 'g40', 'page_93', 'page_92', 'g101', 'page_66', 'page_94', 'page_4105']",1.0
c107,Donald Trump plans to invite Imran Khan along with his family to his inauguration ceremony on 20 January.,g107,"['g107', 'page_118', 'page_2084', 'page_119', 'page_209', 'page_6790', 'g108', 'page_6730', 'page_6716', 'page_6742']",1.0
c108,"Donald Trump said, “I’ve learnt a lot from Imran Khan, his Islamic style, and his independent policy. He is not only the leader of Pakistanis but he is also my leader.”",g108,"['g108', 'page_119', 'g107', 'g53', 'g44', 'page_434', 'page_2084', 'page_162', 'page_566', 'page_3462']",1.0
c109,Netanyahu is seen being “attacked and beaten up” by members of the Israeli parliament in a video,g109,"['g109', 'page_129', 'page_247', 'page_614', 'page_238', 'page_828', 'page_217', 'page_542', 'page_538', 'page_297']",1.0
c110,"Images depict Imran Khan and Richard Grenell in intimate moments, including some showing them getting married.",g110,"['g110', 'page_141', 'g105', 'page_110', 'page_2087', 'page_862', 'page_534', 'page_7802', 'page_8125', 'page_6505']",1.0
c111,An image of a large gathering at a funeral apparently shows Khalil Ur Rahman Haqqani’s funeral.,g111,"['g111', 'page_137', 'page_1773', 'page_163', 'g147', 'page_1162', 'page_2059', 'page_1295', 'g139', 'page_922']",1.0
c112,"Alexandria Ocasio-Cortez defines the term ceasefire as an incident when someone “sees a fire”, which “could be a big fire or a small fire, a bonfire or even a candle flame”.",g112,"['g112', 'page_176', 'page_1861', 'page_1924', 'page_9514', 'page_6754', 'page_196', 'page_4727', 'page_3974', 'page_10112']",1.0
c113,"The Kaaba, a place of huge importance to Muslims around the world, was purposely disrespected during the recent Riyadh Fashion Week. A Kaaba-like model was built on the ramp, and models were made to walk around it, thus mocking the religious monument. ",g113,"['g113', 'page_199', 'page_2116', 'page_429', 'page_1557', 'page_3495', 'page_5682', 'g72', 'page_3423', 'page_3567']",1.0
c114,Yemen’s Houthis announced a ceasefire with Israel following Donald Trump’s victory in the 2024 US Presidential Election.,g114,"['g114', 'page_196', 'page_3993', 'page_6926', 'page_5613', 'page_4047', 'page_8264', 'page_7968', 'page_9514', 'page_3590']",1.0
c115,FIR confirmed. Police officer caught selling drugs in Multan,g115,"['g115', 'page_10100', 'page_11294', 'page_1510', 'page_2042', 'page_4403', 'page_7846', 'page_10103', 'page_7213', 'page_2156']",1.0
c116,President Asif Ali Zardari hospitalised in Karachi,g116,"['g116', 'page_3312', 'page_3273', 'page_3165', 'page_2901', 'page_3340', 'page_3300', 'page_3326', 'page_3176', 'page_3327']",1.0
c117,"The Balochistan government has banned night-time travel — mostly for public transport — on major highways in several districts amid a deteriorating security situation, it emerged on Sunday.",g117,"['g117', 'page_9860', 'page_5271', 'page_2682', 'page_9733', 'page_4236', 'page_9718', 'page_9685', 'page_3536', 'page_9597']",1.0
c118,PIA aircraft’s missing wheel found at Karachi airport,g118,"['g118', 'page_4084', 'page_4081', 'page_4126', 'page_1453', 'page_7701', 'page_10326', 'page_8129', 'page_5188', 'page_10643']",1.0
c119,"The government has announced a three-day holiday for Eidul Fitr from March 31 to April 2, according to a notification issued on Wednesday.",g119,"['g119', 'page_3510', 'page_543', 'page_3955', 'page_4612', 'page_3428', 'page_1610', 'page_4187', 'page_4194', 'page_3056']",1.0
c120,"Chief Minister Punjab Maryam Nawaz has ordered for comprehensive development and beautification of the entire Rawalpindi Division, with a special focus on cleanliness, park improvements and removal of encroachments.",g120,"['g120', 'page_5173', 'page_4632', 'page_10497', 'page_7376', 'page_3519', 'page_7122', 'page_5797', 'page_8854', 'page_9033']",1.0
c121,5 dead as freak hailstorm upends life in country’s north,g121,"['g121', 'page_2911', 'page_3222', 'page_4048', 'page_4993', 'page_2690', 'page_2657', 'page_2672', 'page_1894', 'page_7529']",1.0
c122,Fast-food chain worker killed in Punjab’s Sheikhupura,g122,"['g122', 'page_9079', 'page_9025', 'page_9144', 'page_7413', 'page_241', 'page_1509', 'page_11159', 'page_11099', 'page_11048']",1.0
c123,"5.5 magnitude earthquake jolts Islamabad, Lahore and other parts of Pakistan",g123,"['g123', 'page_9097', 'page_3509', 'page_2749', 'page_2916', 'page_2583', 'page_9264', 'page_11475', 'page_8349', 'page_3696']",1.0
c124,"Federal Urdu University awarded Arshad Nadeem with Rs2,000. ",g124,"['g124', 'page_341', 'g129', 'g136', 'g133', 'page_2172', 'page_1398', 'page_7061', 'page_8098', 'page_2419']",1.0
c125,Arshad Nadeem hugged Maryam Nawaz when she visited the athlete’s residence to congratulate him on his victory in the 2024 Olympics.,g125,"['g125', 'page_340', 'g135', 'g136', 'page_270', 'page_8098', 'g124', 'g129', 'page_1398', 'g133']",1.0
c126,"ارشد ندیم نے فائنل کے دوران غیر معمولی کارکردگی کا مظاہرہ پیش کرتے ہوئے 92.97 میٹر تھرو کے ساتھ مردوں کے جیولین تھرو کا سابقہ ریکارڈ توڑ کر اولمپک کی تاریخ میں اپنا نام لکھوادیا۔

انہوں نے 16 سال قبل بنایا گیا ناروے کے ایندریاس تھورڈکلسین کا بیجنگ اولمپکس 2008 میں 90.57 میٹر کی تھرو کا اولمپک ریکارڈ توڑا۔",g126,"['g131', 'g130', 'page_497', 'page_552', 'g132', 'page_509', 'g137', 'g126', 'page_546', 'page_551']",0.125
c127,"In an interview following her son’s gold medal win at the Olympics 2024, Arshad Nadeem’s mother described Neeraj Chopra as like a son to her, expressing that he is both a friend and a brother to Arshad.",g127,"['g127', 'page_270', 'g125', 'page_8098', 'g128', 'page_340', 'page_2172', 'g129', 'page_2419', 'page_1398']",1.0
c128,"Fierce rivals, good friends and podium finish: The Neeraj-Arshad show has a ‘big message’ for India, Pakistan youth",g128,"['g128', 'g127', 'page_8098', 'page_6325', 'page_7767', 'page_6449', 'page_3679', 'page_5674', 'page_5591', 'page_8689']",1.0
c129,ISLAMABAD: President Asif Ali Zardari conferred the Hilal-i-Imtiaz upon Olympic javelin throw champion Arshad Nadeem on Thursday in recognition of his gold medal-winning performance in recent Paris Olympics.,g129,"['g129', 'g136', 'g133', 'g124', 'g135', 'page_2174', 'g125', 'page_2172', 'page_1398', 'page_8098']",1.0
c130,تحصیل ہیڈکوارٹر  (ٹی ایچ کیو) اسپتال میاں چنوں کو  پیرس اولمپکس میں پاکستان کو گولڈ میڈل جتوانے والے ایتھلیٹ ارشد ندیم کے نام سے منسوب کردیا گیا۔,g130,"['g130', 'page_552', 'g137', 'g126', 'page_546', 'page_549', 'g132', 'g131', 'page_509', 'page_508']",1.0
c131,ابرارالحق نےگولڈ میڈلسٹ ارشد ندیم کو 15 لاکھ روپے نقد انعام دیا,g131,"['g131', 'g132', 'page_549', 'g126', 'g130', 'g137', 'page_546', 'page_509', 'page_551', 'page_511']",1.0
c132,وزیر اعلیٰ کے پی کا ارشد ندیم کو اپنی جیب سے 50 لاکھ روپے بطور انعام دینے کا اعلان,g132,"['g132', 'g130', 'g137', 'page_509', 'g131', 'page_511', 'g126', 'page_508', 'page_546', 'page_497']",1.0
c133,Olympian Arshad Nadeem receives car gift from private motor company,g133,"['g133', 'g136', 'g124', 'g129', 'page_341', 'page_8098', 'g135', 'page_565', 'page_1398', 'page_270']",1.0
c134,"""I prayed for my husband's success for three days without sleep"", says Arshad Nadeem's wife",g134,"['g134', 'page_270', 'page_8098', 'page_340', 'page_3335', 'page_6370', 'page_8211', 'page_6479', 'page_5031', 'page_3997']",1.0
c135,Javelin superstar Arshad Nadeem arrived in his hometown Mian Channu to a hero’s welcome on Sunday afternoon as crowds gathered to meet the Olympic champion.,g135,"['g135', 'g129', 'g125', 'g136', 'g133', 'page_340', 'page_1398', 'g128', 'page_8098', 'page_565']",1.0
c136,Arshad Nadeem Motivational speech for youngster at WAPDA house Lahore,g136,"['g136', 'g133', 'g135', 'page_8098', 'g129', 'g124', 'page_7061', 'page_1398', 'page_9398', 'page_8374']",1.0
c137,قومی ہیرو ارشد ندیم کے طیارے کو وطن واپسی پر خصوصی واٹر کینن سلیوٹ پیش,g137,"['g137', 'g132', 'g130', 'g131', 'g126', 'page_546', 'page_509', 'page_549', 'page_511', 'page_497']",1.0
c138,Several citizens and activists stood in solidarity as they mourned Sharif's death.,g138,"['g138', 'g139', 'g147', 'page_9383', 'page_9585', 'g170', 'page_9064', 'page_8599', 'page_3335', 'page_8376']",1.0
c139,The funeral prayers of senior journalist Arshad Sharif were offered at Shah Faisal Mosque in Islamabad on Thursday.,g139,"['g139', 'g144', 'g138', 'g141', 'g143', 'page_1295', 'g147', 'page_3584', 'g111', 'page_8241']",1.0
c140,This is the video of #arshadshareef a few days before he left Pakistan. ,g140,"['page_2172', 'page_10222', 'page_1021', 'g41', 'page_830', 'page_1012', 'page_359', 'page_1159', 'page_4388', 'page_7767']",0.0
c141,"A plane carrying body of slain journalist Arshad Sharif, who was killed by Kenyan police, landed in Islamabad early Wednesday.

Journalists and Pakistan Tehreek-e-Insaf (PTI) leaders reached the airport to receive the body of renowned journalist.",g141,"['g141', 'g145', 'g138', 'g143', 'g144', 'g139', 'g140', 'g147', 'page_1295', 'page_1339']",1.0
c142,Pakistani journalist Arshad Sharif killed in police shooting in Kenya,g142,"['g140', 'g144', 'g145', 'g141', 'g143', 'g139', 'g138', 'page_1339', 'g148', 'page_1292']",0.0
c143,We've also obtained both postmortem reports from autopsies in Kenya & Pakistan,g143,"['g143', 'g138', 'g144', 'g140', 'g145', 'g141', 'page_5562', 'page_7132', 'page_9025', 'page_8397']",1.0
c144,"The shooting dead of a prominent Pakistani investigative journalist by police in Kenya caused outrage in his home country, leaving many wondering how such a thing could have happened.",g144,"['g144', 'g140', 'g145', 'g143', 'g138', 'g139', 'g141', 'g149', 'g146', 'page_1339']",1.0
c145,"Body of slain renowned Investigative journalist ArshadSharif has been found at Kenya's Chiromo Mortuary, 78 Kilometres from where Police say shooting happened. Body appears to have two gunshot wounds",g145,"['g141', 'g143', 'g145', 'g144', 'g138', 'g140', 'g139', 'g146', 'g148', 'page_1339']",0.3333333333333333
c146,Arshad shareef four nails and one kidney we’re already taken out in Kenya,g146,"['g146', 'g144', 'g145', 'g140', 'g138', 'g143', 'page_1339', 'page_7026', 'page_706', 'page_821']",1.0
c147,A photo shows slain journalist Arshad Sharif’s family gathered around his coffin to mourn his loss. ,g147,"['g147', 'page_1295', 'g149', 'g141', 'g143', 'g138', 'g146', 'g139', 'page_1315', 'g111']",1.0
c148,A video shows journalist Arshad Sharif’s mother. He was recently killed in Kenya.,g148,"['g148', 'g149', 'page_1292', 'g146', 'g143', 'g145', 'g140', 'g144', 'g141', 'g138']",1.0
c149," Viral images and videos of a girl crying over a body in a coffin apparently show the daughter of journalist Arshad Sharif, who was recently killed in Kenya",g149,"['g149', 'page_1315', 'g148', 'page_1292', 'g147', 'page_1295', 'g143', 'g138', 'g146', 'page_1339']",1.0
c150,China’s ultra high-speed maglev train is “coming soon” to Pakistan and will reduce the travelling time between Islamabad and Karachi to 1.5 hours.,g150,"['g150', 'page_294', 'page_3746', 'page_7494', 'page_3882', 'page_6759', 'page_7133', 'page_7507', 'page_6104', 'page_6040']",1.0
c151,"On September 26, a social media user claimed that a few days after Chief Justice Qazi Faez Isa was “verbally abused” by a worker at Crusteez Donuts in Islamabad, the bakery had been sealed. The post has been viewed over 23,000 times and liked over 300 times to date.",g151,"['g151', 'page_279', 'page_271', 'page_2144', 'g153', 'g23', 'page_248', 'page_259', 'page_2171', 'page_2182']",1.0
c152,"the Chief Justice of Pakistan purchasing pastries with his wife and daughter. The employee is seen asking the CJP, “Are you Faez Isa?” When he confirms his identity, the staff responds with a derogatory remark, saying, “Lanat ho aap pe (Damn you).”",g152,"['g152', 'page_279', 'page_2144', 'page_271', 'g151', 'g153', 'page_2057', 'page_248', 'page_259', 'page_120']",1.0
c153,قاضی صاحب کے ساتھ ہونے والی بدتمیزی کی بھرپور مذمت کی ہے اور اپنے بیکری ملازمین کی ٹریننگ کا بھرپور بندوبست کریں گے تاکہ آئندہ ایسے واقعات نا ہوں,g153,"['g126', 'g137', 'g131', 'page_549', 'page_511', 'g132', 'page_509', 'page_552', 'g130', 'page_546']",0.0
c154,"Newly opened Dream Bazaar Mall built by a foreign businessman in #Pakistan's Karachi Gulistan-e-Johar looted & vandalised by locals during its grand opening. Mall offered special discounts for locals, which led to massive crowds storming into the venue. Police accused of acting like bystanders",g154,"['g155', 'g156', 'g154', 'g157', 'page_1541', 'page_8854', 'page_1568', 'page_1801', 'page_5633', 'page_3586']",0.3333333333333333
c155,"Pakistani people looted newly opened Mall within 30 minutes of its opening  !!!
Mall closed within a hour of opening !!!",g155,"['g154', 'g155', 'g156', 'g157', 'page_9811', 'page_9718', 'page_9592', 'page_9638', 'page_11069', 'page_3704']",0.5
c156,Dream Bazaar' turns into a nightmare: Mob loots Karachi mall in minutes,g156,"['g156', 'g154', 'g155', 'g157', 'page_3011', 'page_7258', 'page_4747', 'page_3857', 'page_4325', 'page_3586']",1.0
c157,"Message by team Dream Bazar ❤️
Dream Bazar will officially only Open for Family only",g157,"['page_3897', 'page_5286', 'page_9977', 'page_8330', 'page_3363', 'page_9811', 'page_4005', 'page_10460', 'page_3686', 'page_9762']",0.0
c158,"Pakistan's first Human Milk Bank, launched by the Sindh Institute of Child Health & Neonatology (SICHN), has been suspended after a new fatwa. 
The project aimed to provide breast milk to premature babies below 34 weeks and 2kg, who can't get adequate nutrition from their mothers. 
SICHN will seek guidance from Darul Uloom Karachi and the Council of Islamic Ideology. 
Initially endorsed with conditions in December 2023, a revised fatwa on June 16 led to the project's suspension. 
The milk bank intended to offer free, Shariah-compliant breast milk exclusively from Muslim donors.",g158,"['g158', 'g161', 'g160', 'g159', 'page_6462', 'g183', 'g184', 'g178', 'g180', 'page_8310']",1.0
c159,Extremely unfortunate that a human milk bank project in sindh was stopped on some fatwa.,g159,"['g158', 'g160', 'g161', 'g159', 'g178', 'g181', 'page_6462', 'page_659', 'page_775', 'page_952']",0.25
c160,Pakistan’s first human milk bank in Karachi suspended operations after religious scholars deemed it haram. ,g160,"['g160', 'g158', 'g161', 'g159', 'page_6462', 'g178', 'g181', 'page_3623', 'page_775', 'page_194']",1.0
c161,First Sharia-Compliant Human Milk Bank launched,g161,"['g161', 'g158', 'g160', 'g159', 'g183', 'g184', 'g180', 'page_6462', 'page_8563', 'page_8310']",1.0
c162, Imran Khan has been appointed as the chancellor of the University of Oxford.,g162,"['page_280', 'g162', 'g163', 'page_623', 'page_288', 'page_11532', 'page_180', 'page_9434', 'page_1322', 'page_9209']",0.5
c163,Former Pakistani PM Imran Khan will run for chancellor of Oxford University from his prison cell in Pakistan.,g163,"['g163', 'page_11532', 'g162', 'page_623', 'page_280', 'page_288', 'page_180', 'page_840', 'page_560', 'page_632']",1.0
c164,"Natasha Danish Iqbal, who is responsible for the accident on Karsaz Road, is on the board of directors of Metro Power Group",g164,"['g164', 'page_333', 'g172', 'g167', 'g170', 'g169', 'page_348', 'g168', 'page_329', 'g77']",1.0
c165,Karsaz accident suspect gets bail after victims’ heirs ‘pardon’ her.Lawyers said suspect Natasha would not be released as she was facing a separate drug case.,g165,"['g165', 'g166', 'g167', 'g172', 'g170', 'g169', 'page_348', 'page_329', 'g164', 'page_333']",1.0
c166,Judge rejects bail plea of Karsaz accident suspect in drug case,g166,"['g166', 'g165', 'g167', 'g172', 'g170', 'g168', 'page_9457', 'page_2552', 'page_8847', 'page_2812']",1.0
c167,"Victim’s family forgives suspect Natasha Danish in Karsaz road accident case.  “We have reached an agreement and have pardoned the suspect. We forgive in the name of Allah, the most merciful and compassionate.” ",g167,"['g167', 'g165', 'g172', 'g170', 'g171', 'g164', 'page_333', 'page_329', 'g169', 'page_348']",1.0
c168,Medical report found Karsaz accident driver was ‘under influence of crystal meth’: Sindh IG,g168,"['g168', 'page_329', 'page_2177', 'g167', 'g164', 'g169', 'page_348', 'page_2178', 'g172', 'page_7155']",1.0
c169,Karsaz accident driver Natasha Danish Ali held up the victory sign outside court. Images of her holding up the sign insinuate that she has been acquitted of the case.,g169,"['g169', 'page_348', 'page_329', 'g167', 'g171', 'g77', 'g172', 'g165', 'g164', 'page_281']",1.0
c170,Netizens praise young boy standing up for Karsaz road accident victims against influential family,g170,"['g170', 'g167', 'g172', 'g165', 'page_5230', 'page_5464', 'page_8599', 'page_4412', 'page_3335', 'page_11676']",1.0
c171,Natasha Danish’s Jail photos from Karsaz incident go viral,g171,"['g171', 'page_329', 'page_348', 'g77', 'g169', 'page_281', 'page_333', 'g172', 'page_314', 'page_868']",1.0
c172,Karsaz accident case: Natasha gets special permission to appear in court via video link,g172,"['g172', 'g165', 'g169', 'g170', 'g171', 'page_348', 'g77', 'g164', 'page_333', 'page_281']",1.0
c173,"A girl Minahil died in Mian Nawaz Sharif agriculture university Multan in a university bus accident. This is the body of the dead girl placed on road like this for hours in this heat and not returning the body to parents to get them sign the papers so they cannot file case against university. Please raise voice for Minahil 

They University bus not only killed the girl but thats how they desecrated her deadbody. ",g173,"['g176', 'g173', 'g174', 'g177', 'g175', 'page_9082', 'g165', 'g167', 'page_241', 'page_100']",0.5
c174,نواز شریف زرعی یونیورسٹی میں 22 سالہ منائل کا یونیورسٹی بس کی ٹکر سے انتقال کا معاملہ،، پولیس نے بس ڈرائیور عامر کو گرفتار کر لیا,g174,"['g137', 'g132', 'page_509', 'g130', 'g126', 'g131', 'page_511', 'page_546', 'page_551', 'page_507']",0.0
c175,کل صبح MNAU میں ہونے والے ایکسیڈنٹ میں جو لڑکی شہید ہوئی وہ اپنے والدین کی اکلوتی اولاد تھی۔,g175,"['g130', 'g126', 'page_552', 'g131', 'page_551', 'g132', 'page_509', 'page_549', 'page_546', 'g137']",0.0
c176,۔ کل صبح آٹھ بجے نواز شریف یونیورسٹی ملتان میں مناہل نام کی لڑکی(جوکہ بائیک پر یونیورسٹی آتی تھی) کا یونیورسٹی بس سے ایکسیڈنٹ ہوا جس میں ساری غلطی بس ڈرائیور کی تھی۔ مناہل موقع پر ہی اللہ کو پیاری ہو گئی۔,g176,"['g131', 'g130', 'g137', 'page_546', 'g126', 'page_509', 'g132', 'page_511', 'page_549', 'page_497']",0.0
c177,گزشتہ روز نواز شریف ایگریکلچر یونیورسٹی ملتان میں ایک طالبہ کو یونیورسٹی بس سے کچل دیے جانے والے  افسوسناک حادثے میں یونیورسٹی انتظامیہ کے خلاف احتجاج کیا گیا۔ الحمدللہ !ضلعی انتظامیہ اور یونیورسٹی انتظامیہ سے اپنے مطالبات منوائے۔,g177,"['page_497', 'g130', 'g132', 'g137', 'g131', 'page_546', 'page_509', 'g126', 'page_511', 'page_551']",0.0
c178,"On August 25, a social media user on X (formerly Twitter) posted: “Breaking news. The programme to provide free milk to children in schools has been suspended till next year.”",g178,"['g178', 'g181', 'g187', 'page_316', 'g188', 'g183', 'g184', 'page_1570', 'page_10488', 'page_8271']",1.0
c179,CM Maryam launches school nutrition programme from DG Khan,g179,"['g179', 'g185', 'g180', 'g183', 'g184', 'g178', 'g181', 'page_7130', 'page_7223', 'g182']",1.0
c180,"‘Eat, drink and study’: Punjab CM launches school nutrition program",g180,"['g180', 'g179', 'g185', 'g183', 'g184', 'g178', 'g181', 'g182', 'page_8723', 'page_11259']",1.0
c181,چیف منسٹر پنجاب نیوٹریشن پروگرام کا جنوبی پنجاب سے آغاز: 5 ستمبر سے روزانہ تین اضلاع میں چار لاکھ طلبہ کو 3،527 پبلک سکولوں میں مفت دودھ فراہم کیا جائے گا۔,g181,"['page_510', 'page_509', 'page_511', 'g130', 'g126', 'g137', 'g131', 'page_546', 'page_513', 'g132']",0.0
c182,Chief Minister Maryam Nawaz of Punjab has mandated the distribution of boxed milk to Schools Students Up to 5 Grade. ,g182,"['g182', 'g180', 'g178', 'g181', 'g183', 'g184', 'g179', 'g185', 'page_11758', 'g161']",1.0
c183,"Chief Minister Maryam Nawaz inaugurated Punjab's first and largest school nutrition program at Dera Ghazi Khan Primary School.
Personally distributed milk packs to students, opened them herself, and ensured they finished under her supervision.",g183,"['g180', 'g179', 'g185', 'g183', 'g184', 'g182', 'g178', 'g181', 'page_2897', 'g161']",0.25
c184,بچوں نے سکولوں میں مریم نواز کا دیا ہوا دودھ پینے سے انکار کر دیا ۔۔۔,g184,"['g126', 'page_549', 'g130', 'g131', 'g132', 'page_551', 'page_509', 'g137', 'page_546', 'page_511']",0.0
c185,مریم نواز کے دودھ کا ٹھیکہ فوجی فاونڈیشن کو مل گیا ہے،,g185,"['g130', 'g132', 'g126', 'page_509', 'g131', 'page_546', 'g137', 'page_552', 'page_497', 'page_511']",0.0
c186,The Pakistan Students Federation has demanded Imran Khan’s release by 30 August and warned of protests if their demand is not met.,g186,"['g186', 'page_328', 'page_891', 'page_560', 'page_398', 'g39', 'page_632', 'page_423', 'page_1038', 'page_1021']",1.0
c187,"After a 7-month hiatus, X is now accessible in Pakistan after the Pakistan Telecommunication Authority (PTA) formally lifted the ban on the social media platform. It may be unclear whether this restoration is permanent but users can connect and post again.",g187,"['g187', 'page_316', 'g188', 'page_3654', 'page_9458', 'page_10084', 'page_7664', 'page_594', 'page_3497', 'page_8756']",1.0
c188,Pakistan says it blocked social media platform X over ‘national security’,g188,"['g188', 'page_574', 'page_9298', 'g187', 'page_316', 'page_7664', 'page_594', 'page_558', 'page_10757', 'page_9000']",1.0
