Event-id,Event Name,claim-id,claim-url,claim-category,claim-text,claim-goldevidence
eid1,Momina Iqbal (Entertainment),c1,https://www.geo.tv/latest/594997-fact-check-claim-about-momina-iqbals-gender-identity-and-family-is-false,entertainment,"A user on X (formerly Twitter) posted: “Momina Iqbal is a great actress and has played some good roles. But today I found out that she is a transgender, and my respect for her has grown.”",g1
eid2,Terrorists(train hijack),c2,https://www.sochfactcheck.com/viral-clip-of-jaffar-express-hostages-released-by-bla-predates-hijacking-balochistan-pakistan/,"Conflict, palistan",A video shows civilians passengers released by the BLA a few hours after the separatist militant group hijacked the Jaffar Express in March 2025.,g2
eid3,accident,c3,https://www.geo.tv/latest/597000-water-tanker-runs-over-man-pregnant-wife-and-newborn-in-karachi,accident,"Water tanker runs over man, pregnant wife and newborn in Karachi",g3
eid4,political,c4,https://www.geo.tv/latest/593898-fact-check-claim-of-free-electricity-in-punjab-for-ramadan-debunked-as-false,political,"In Punjab, electricity bill will be free for the month of Ramadan"", which has since been shared over 125 times and liked over 1,400 times at the time of writing.",g4
eid5,social,c5,https://www.geo.tv/latest/587955-fact-check-viral-claim-of-pakistani-flag-burning-in-kurram-is-false,"Conflict, palistan","people burning the Pakistani flag, with the caption: ""Lower Kurram's Bagan area update: Today in the Bagan area of Kurram district, the people of Bagan set the flag of Pakistan on fire in broad daylight.""",g5
eid6,accident,c6,https://www.sochfactcheck.com/clip-of-dumper-truck-dragging-bikers-under-tyres-not-from-karachi-pakistan-but-agra-india/,accident, A video shows two men and their motorcycle being dragged under a dumper truck’s front tyres for a few hundred metres after it hit them and tried to speed away in Karachi.,g6
eid7,sports,c7,https://www.sochfactcheck.com/babar-azam-did-not-retire-from-international-cricket/,sports,Babar Azam announced his retirement from international cricket,g7
eid8,social,c8,https://www.geo.tv/latest/589576-american-woman-returns-home-after-spending-nearly-four-months-in-pakistan,social,Failed love story: American woman returns home after spending nearly four months in Pakistan,g8
eid9,Maulana tariq jameel bank account,c9,https://www.sochfactcheck.com/fia-is-not-pursuing-inquiry-against-maulana-tariq-jameel/#,religion," Journalist Waseem Badami recently asserted that the Federal Investigation Agency (FIA) had consolidated all of Maulana Tariq Jameel’s bank accounts, totalling PKR 49 billion.",g9
eid10,Scam Alert,c10,https://www.sochfactcheck.com/scam-alert-viral-video-spreads-false-information-about-us-visa-for-pakistanis/,social,Scam alert: viral video spreads false information about US visa for Pakistanis,g10
eid11,train hijack,c11,https://www.sochfactcheck.com/viral-clip-of-jaffar-express-hostages-released-by-bla-predates-hijacking-balochistan-pakistan/,"Conflict, palistan",A video shows civilians passengers released by the BLA a few hours after the separatist militant group hijacked the Jaffar Express in March 2025.,g11
eid12,BLA militants,c12,https://www.sochfactcheck.com/visual-dead-bodies-lying-in-desert-not-bla-militants-2025-jaffar-express-hijacking-balochistan-pakistan/,"Conflict, palistan",A picture shows the dead bodies of the BLA militants who were killed in an operation by the Pakistan Army after the armed group targeted and hijacked Jaffar Express on 11 March 2025.,g12
eid13,Taliban government,c13,https://www.sochfactcheck.com/trump-has-not-agreed-to-recognise-the-taliban-government/,"Conflict, palistan",Trump has agreed to recognise the government of Afghanistan.,g13
eid14,three-day visit to the US,c14,https://www.sochfactcheck.com/was-imran-khan-received-by-american-officials-on-2019-us-visit/,political,"On his three-day visit to the US in 2019, former premier Imran Khan was not received by any American official, forcing him to travel by metro train inside the US.",g14
eid15,train hijack,c15,https://www.sochfactcheck.com/jaffar-express-clip-does-not-show-pakistan-army-helicopters-operation-against-train-hijacking/,"Conflict, palistan",A video clip shows four army helicopters heading to Bolan to counter BLA militants who had hijacked Jaffar Express on 11 March 2025,g15
eid16,Imran Khan,c16,https://www.sochfactcheck.com/imran-khan-freed-from-jail-by-yahya-afridi/,political,The Chief Justice of Pakistan Yahya Afridi freed Imran Khan from jail,g16
eid17,train hijack,c17,https://www.sochfactcheck.com/video-does-not-show-bla-separatists-being-defeated-by-pakistan-army/,"Conflict, palistan",A video shows the Pakistani military’s operation against the Balochistan Liberation Army (BLA) after the hijacking of the Jaffar Express in Balochistan,g17
eid18,Dr Mahrang Baloch,c18,https://www.sochfactcheck.com/claims-of-mahrang-baloch-being-transgender-are-unfounded/,entertainment,"During a medical test, it was found that Dr Mahrang Baloch is transgender.",g18
eid19,Abdala church,c19,https://www.sochfactcheck.com/viral-video-of-anthem-not-from-new-zealand/,entertainment,A video shows the New Zealand government’s anthem featuring the 99 names of God which was performed at the Abdala church.,g19
eid20,Pakistan Tehreek-e-Insaf,c20,https://www.sochfactcheck.com/salman-akram-rajas-support-for-mahrang-baloch-establishes-pti-bla-link/,"Conflict, palistan",A video of Salman Akram Raja expressing support for Mahrang Baloch proves the Pakistan Tehreek-e-Insaf is linked to the Balochistan Liberation Army (BLA) and its attack on Jaffar Express.,g20
eid21,Bilawal Bhutto Zardari criticising,c21,https://www.sochfactcheck.com/did-bilawal-bhutto-criticise-pm-shehbaz-sharif-in-the-national-assembly/,political,A video shows Bilawal Bhutto Zardari criticising Shehbaz Sharif and the PML-N while speaking at the National Assembly.,g21
eid22,heated speech,c22,https://www.sochfactcheck.com/did-shazia-marri-criticise-the-federal-government-and-call-for-khans-release/,political,"During a heated speech in the National Assembly, Shazia Marri allegedly said, “Release Imran Khan, or you’ll have to face Trump’s wrath.",g22
eid23,Chief Justice Qazi Faez Isa,c23,https://www.sochfactcheck.com/justice-qazi-faez-isa-did-not-discuss-anti-pti-verdicts-in-oxford-union-speech/,political,"During a recent interview, former Chief Justice Qazi Faez Isa claimed that hidden powers influenced anti-PTI verdicts and his role was limited. ",g23
eid24, fresh banknotes,c24,https://www.sochfactcheck.com/sbp-is-issuing-fresh-banknotes-ahead-of-eid-ul-fitr-contrary-to-viral-claims-pakistan/,religion,The State Bank of Pakistan (SBP) will not issue fresh banknotes ahead of Eid-ul-Fitr this year.,g24
eid25,Baloch Liberation Army (BLA).,c25,https://www.sochfactcheck.com/old-blast-video-went-viral-after-bla-attacked-jaffar-express-train-in-balochistan/,"Conflict, palistan",A viral video on social media shows an improvised explosive device (IED) attack on Jaffar Express in Balochistan by the Baloch Liberation Army (BLA).,g25
eid26,ustice Mansoor Ali Shah,c26,https://www.sochfactcheck.com/did-justice-mansoor-ali-shah-call-for-imran-khans-return/,political,"Justice Mansoor Ali Shah said “For Pakistan’s better future, former Prime Minister Imran Khan must be brought back.”",g26
eid27,banned five Pakistani banks,c27,https://www.sochfactcheck.com/the-uk-has-not-banned-five-pakistani-banks-for-study-visa/,social,"The United Kingdom has banned five Pakistani banks from being used for submitting bank statements in student visa applications. These banks include UBL Bank, MCB Bank, National Bank of Pakistan, Faysal Bank, and Allied Bank.",g27
eid28,India vs. Pakistan match,c28,https://www.sochfactcheck.com/video-showing-indian-spectators-chanting-qaidi-number-804-is-dubbed/,political,A video shows Indian spectators chanting “Qaidi [Prisoner] Number 804” during the India vs. Pakistan match at the ICC Champions Trophy 2025 in Dubai,g28
eid29,Adiala jail,c29,https://www.sochfactcheck.com/did-hamid-mir-reported-on-alleged-altercation-between-imran-khan-and-army-officials-in-adiala-jail/,political,Hamid Mir revealed that Imran Khan recently slapped a colonel in Adiala jail.,g29
eid30,Turkish President Recep ,c30,https://www.sochfactcheck.com/recep-tayyip-erdogan-turkey-did-not-reminisce-about-imran-khan-during-2025-trip-to-pakistan/,political,Turkish President Recep Tayyip Erdo?an reminisced about Imran Khan while addressing the National Assembly during his February 2025 trip. He said he “wished” that he “could shake hands with” the former prime minister and hoped to “meet Imran Khan” in the future.,g30
eid31,New Zealand cricketer,c31,https://www.sochfactcheck.com/new-zealand-cricketer-rachin-ravindras-phone-was-not-stolen-during-the-icc-champions-trophy/,sports,New Zealand cricketer Rachin Ravindra’s phone was stolen from a hospital in Lahore where he was undergoing treatment for an injury,g31
eid32,birth to babies,c32,https://www.sochfactcheck.com/scam-alert-dubai-government-not-paying-salary-for-giving-birth/,social,"Dubai will give individuals 50,000 dirhams if they give birth to babies.",g32
eid33,Ukrainian President Volodymyr,c33,https://www.sochfactcheck.com/video-of-zelenskyy-dancing-in-red-dress-is-manipulated/,entertainment,A video shows Ukrainian President Volodymyr Zelenskyy dancing.,g33
eid34,Pakistan cricket team,c34,https://www.sochfactcheck.com/pakistan-becomes-first-host-team-to-get-eliminated-first-in-a-cricket-championship/,sports,The Pakistan cricket team is the first hosting team in history to get eliminated first in a championship.,g34
eid35,Sudan’s Defence Minister Aqeed Ibrahim,c35,https://www.sochfactcheck.com/pictures-show-before-and-after-of-sudans-defence-minister/,social," A collage of photos shows Sudan’s Defence Minister Aqeed Ibrahim, comparing how he appeared during his time in power to his current impoverished state.",g35
eid36,Qayamat has been postponed.,c36,https://www.sochfactcheck.com/doomsday-clock-2025-update-wrongly-linked-to-islamic-judgement-day-qayamat/,religion,Geo News reported that Qayamat has been postponed.,g36
eid37,Chief Minister of Punjab,c37,https://www.sochfactcheck.com/punjab-is-not-the-first-province-to-launch-electric-buses/,political,"Chief Minister of Punjab, Maryam Nawaz, stated that Punjab would be the first province in Pakistan to transition its mass transit system to electric vehicles.",g37
eid38,pothole-ridden road ,c38,https://www.sochfactcheck.com/video-of-pothole-ridden-road-not-from-karachi/,accident,A video shows vehicles bumping over a pothole-ridden road in Karachi.,g38
eid39,China in support of Imran Khan,c39,https://www.sochfactcheck.com/video-does-not-show-pti-rally-in-china/,sports,A rally was held in China in support of Imran Khan.  ,g39
eid40,Los Angeles wildfires,c40,https://www.sochfactcheck.com/viral-video-president-donald-trump-crying-los-angeles-wildfires-artificial-intelligence-ai-generated/,natural diseaster,A video shows Trump breaking down and crying over the January 2025 Los Angeles wildfires during a visit to the disaster site in California.,g40
eid41,accusing soldiers,c41,https://www.sochfactcheck.com/viral-video-of-man-accusing-army-of-sexual-assault-not-from-pakistan/,social, A video shows a man accusing soldiers of the Pakistan Army of assaulting his daughter.  ,g41
eid42,Army Staff General Asim Munir ,c42,https://www.sochfactcheck.com/shehbaz-sharif-did-not-mock-the-army-chief/,political,A video circulating online claims that Prime Minister Shehbaz Sharif accused Chief of Army Staff General Asim Munir of destroying the country and doing so in Sharif’s name.,g42
eid43,"Border Security Force’,",c43,https://www.sochfactcheck.com/bangladesh-did-not-abolish-its-army-or-replace-it-with-a-new-border-security-force/,social,"A viral post on social media claimed that the Bangladesh military has been abolished and replaced with a new ‘Border Security Force’, which exclusively handles border security. ",g43
eid44,US President Donald Trump,c44,https://www.sochfactcheck.com/audio-of-trump-calling-imran-khan-a-convict-is-a-deepfake/,social,US President Donald Trump called Imran Khan a convict who was involved in fraudulent cases. Trump further said that the Pakistani diaspora in the US urged him to advocate for the release of the jailed former Prime Minister of Pakistan.,g44
eid45,Pakistan-Afghanistan border ,c45,https://www.sochfactcheck.com/video-from-kurdish-turkish-conflict-falsely-linked-to-pakistan-army-operation-against-afghan-taliban/,"Conflict, palistan",A video shows Pakistani forces attacking a post by the Afghan Taliban near the Pakistan-Afghanistan border and also shooting down their quadcopter.,g45
eid46,Afghan Taliban.,c46,https://www.sochfactcheck.com/old-video-from-yemen-passed-off-as-from-conflict-between-pakistan-and-afghan-taliban/,"Conflict, palistan",Video shows the Pakistan Army opening fire at the Afghan Taliban.,g46
eid47,Toronto Pearson Airport,c47,https://www.sochfactcheck.com/ai-generated-image-of-delta-flight-4819-passed-off-as-a-real-depiction-of-the-incident/,social,The image shows a Delta passenger jet lying upside down after it made a rough landing and crashed at Toronto Pearson Airport in Canada on 17 February.,g47
eid48,Rawalpindi Cricket Stadium,c48,https://www.sochfactcheck.com/atta-tarar-was-not-heckled-at-rawalpindi-cricket-stadium/,sports,"Spectators at the Rawalpindi Cricket Stadium chanted against the Federal Minister for Information and Broadcasting Attaullah Tarar, calling him a thief [“chor chor”], when the camera focused on him.",g48
eid49,free visas.,c49,https://www.sochfactcheck.com/scam-alert-posts-falsely-featuring-geo-news-promise-free-england-visa/,social,"Geo News reported that England needed 50,000 urgent workers and 10 companies are offering free visas.",g49
eid50,National Stadium in Karachi,c50,https://www.sochfactcheck.com/did-crowd-chant-qaidi-number-804-to-babar-azam-at-national-stadium-karachi/,social, A video shows the crowd at the National Stadium in Karachi chanting “Qaidi Number 804” when batsman Babar Azam appeared to speak.,g50
eid51,Pakistani military chief Gen (r) ,c51,https://www.sochfactcheck.com/photo-does-not-show-gen-qamar-javed-bajwa-in-pool-with-woman-in-swimsuit-shefali-jariwala-father/,social,An image shows former Pakistani military chief Gen (r) Qamar Javed Bajwa in a swimming pool posing alongside a woman wearing a swimsuit.,g51
eid52, dogs on a street in Karachi,c52,https://www.sochfactcheck.com/viral-video-of-dog-attacking-woman-is-not-from-karachi/,social,A video shows an elderly woman being dragged and attacked by stray dogs on a street in Karachi. ,g52
eid53,US President Donald Trump,c53,https://www.sochfactcheck.com/donald-trump-did-not-make-any-statements-about-pakistans-political-scenario/,political,"An video clip circulating on social media supposedly features US President Donald Trump making statements about Imran Khan and Pakistan’s incumbent government in an interview. He can be heard criticising former US President Joe Biden, Prime Minister of Pakistan Shehbaz Sharif and the Pakistani Army.",g53
eid54, Pashtun Tahafuz Movement (PTM),c54,https://www.sochfactcheck.com/old-video-of-junaid-akbar-and-manzoor-pashteen-resurfaces-online/,political,"PTI’s Junaid Akbar recently met Manzoor Pashteen, founder and head of the Pashtun Tahafuz Movement (PTM) ahead of PTI’s rally on 8 February in Swabi.",g54
eid55,Donald Trump,c55,https://www.geo.tv/latest/597499-fact-check-deepfake-video-falsely-claims-trump-criticised-pakistans-treatment-of-christians,social,"On March 22, an Instagram user shared a 24-second video allegedly showing Donald Trump stating: “I know that Christians in Pakistan are living very difficult lives. False blasphemy accusations are made against them. Christian girls are forcibly converted to Islam and are called derogatory names like easi and chura. If the Pakistani government does not put an end to these injustices, I will bring all Pakistani Christians to America.",g55
eid56,New Zealand beat Pakistan ,c56,https://www.dawn.com/news/1902248/new-zealand-beat-pakistan-by-43-runs-to-sweep-odi-series-3-0,sports,New Zealand beat Pakistan by 43 runs to sweep ODI series 3-0,g56
eid57,Bushra Bibi,c57,https://www.sochfactcheck.com/did-bushra-bibi-address-a-crowd-unveiled/,social,"A video shows Bushra Bibi, wife of the former Prime Minister Imran Khan, addressing a crowd unveiled.",g57
eid58,Ali Amin Gandapur,c58,https://www.sochfactcheck.com/did-ali-amin-gandapur-accuse-bushra-bibi-of-corruption/,social,Ali Amin Gandapur accused Bushra Bibi of corruption and collecting extortion money in Peshawar.,g58
eid59,PTI protest,c59,https://www.sochfactcheck.com/old-video-of-doctor-resurfaces-amid-pti-protests/,political, A doctor displayed anger and frustration at the government after witnessing casualties from the recent PTI protest at D-Chowk.,g59
eid60,Nawaz Sharif,c60,https://www.sochfactcheck.com/nawaz-sharif-remarks-about-khawaja-asif-misrepresented-in-viral-video/,political,A video shows Nawaz Sharif belittling Khawaja Asif during a press conference.,g60
eid61,blocking a road in Islamabad,c61,https://www.sochfactcheck.com/picture-showing-road-flooded-with-containers-is-fake/,political,"A picture shows a sea of containers that were put in place ahead of the PTI’s November march, blocking a road in Islamabad.",g61
eid62,injured,c62,https://www.sochfactcheck.com/image-of-wounded-girl-misattributed-to-recent-parachinar-attack/,social,"An image of a wounded girl has surfaced on social media, who was injured during the recent violence in Parachinar.",g62
eid63,Sudan’s Defence Minister Aqeed Ibrahim,c63,https://www.sochfactcheck.com/pictures-show-before-and-after-of-sudans-defence-minister/,social,"A collage of photos shows Sudan’s Defence Minister Aqeed Ibrahim, comparing how he appeared during his time in power to his current impoverished state.",g63
eid64,mizmaxs,c64,https://www.sochfactcheck.com/fake-news-real-fraud-how-doctored-bulletins-tricked-victims-into-downloading-the-mizmaxs-scam-app/,social,"Geo News reported that a new mobile application called ‘mizmaxs’ allows you to earn PKR 1,200 as soon as you download it and you can keep earning more from that point.  The report also claims that you can earn money every 4 minutes if you have a phone with a touchscreen.",g64
eid65,Algerian boxer Imane Khelif,c65,https://www.sochfactcheck.com/imane-khelif-was-not-confirmed-to-be-a-man-by-medical-reports/,health,French medical reports show that Algerian boxer Imane Khelif was born as a man with XY chromosomes.,g65
eid66,Shahbaz Gill ,c66,https://www.sochfactcheck.com/doctored-image-of-a-siasat-pk-bulletin-misattributes-statement-to-shahbaz-gill/,social,"Shahbaz Gill defended Richard Grenell and spoke against criticisms of Grenell based on his sexual orientation, saying it is a sign of ignorance to criticise him for his sexuality.",g66
eid67,Sharia courts,c67,https://www.sochfactcheck.com/there-are-not-over-100-sharia-courts-in-the-uk/,social,There are now over 100 Sharia courts in the UK.,g67
eid68,highlands of Afghanistan,c68,https://www.sochfactcheck.com/a-taliban-member-shares-an-ai-generated-video-of-migratory-birds/,"Conflict, palistan", Migratory birds returned to the “highlands of Afghanistan” after the withdrawal of US-led international troops in 2021. A video showing numerous birds near the mountains serves as evidence.,g68
eid69,disabled children,c69,https://www.sochfactcheck.com/majority-of-disabled-children-in-uk-born-to-muslim-parents/,health,"50% of Muslims and 70% of Pakistanis in the UK are inbred, and the majority of disabled children in the UK are born to Muslim parents",g69
eid70,Jennifer Lopez ,c70,https://www.sochfactcheck.com/jennifer-lopez-wore-sacred-sword-during-riyadh-season/,entertainment,Pictures show Jennifer Lopez wearing a sacred sword during a performance at Riyadh Season 2024.,g70
eid71,religious minority,c71,https://www.sochfactcheck.com/video-shows-forced-conversion-in-pakistan/,religion,A video from Pakistan shows a woman from a religious minority being forcefully converted to Islam,g71
eid72,Palestinian,c72,https://www.sochfactcheck.com/video-does-not-show-women-participating-in-miss-palestine-2024/,religion,"A video shows Palestinian women wearing a burqa, a loose-fitting garment covering the whole body, participating in a beauty pageant.",g72
eid73,og meat from restaurants in Karachi.,c73,https://www.sochfactcheck.com/reports-about-authorities-seizing-slaughtered-dogs-kutta-karahi-kutta-biryani-are-false-super-highway-karachi/,health,Authorities have recovered slaughtered dogs and food made with dog meat from restaurants in Karachi.,g73
eid74,real-life Algerian boxer Imane Khelif,c74,https://www.sochfactcheck.com/south-park-character-not-comparable-to-boxer-imane-khelif/,sports,"Heather Swanson, a transgender cartoon character from the South Park animated series, is comparable to real-life Algerian boxer Imane Khelif.",g74
eid75, Israeli newspaper,c75,https://www.sochfactcheck.com/imran-khans-statement-on-jerusalem-posts-article-was-taken-out-of-context/,political, Imran Khan said “no one understood but the Israeli newspaper has praised me and said I am the only leader in Pakistan with credibility.”,g75
eid76,Pakistan army’s emblem,c76,https://www.sochfactcheck.com/did-kareena-kapoor-khan-pose-next-to-emblem-of-pakistan-army/,"Conflict, palistan"," Pakistan army’s emblem is engraved into a door of Pataudi House in Haryana, India",g76
eid77,Natasha Danish,c77,https://www.sochfactcheck.com/image-of-natasha-danish-driving-recklessly-is-someone-else-2/,accident,A widely circulated image shows Natasha Danish recording herself while driving recklessly. Natasha was involved in a deadly traffic accident in Karachi in August.,g77
eid78,song celebrating,c78,https://www.sochfactcheck.com/arab-singers-did-not-release-a-song-celebrating-israels-pager-attacks/,entertainment,Arab citizens and singers released a song celebrating Israel’s recent pager attacks in Lebanon.,g78
eid79,SBP shortlisted designs,c79,https://www.sochfactcheck.com/sbp-art-competition-results-misinterpreted-as-official-shortlisted-banknotes-pakistan/,social,"The SBP has shortlisted designs for the new banknotes, of which some will be selected as the official currency note after the Government of Pakistan’s approval.",g79
eid80,Barzakh,c80,https://www.sochfactcheck.com/indias-zindagi-channel-did-not-apologise-for-fantasy-tv-series-barzakh-adnan-hashmi-inspired-analyst/,entertainment,India’s Zindagi channel apologised to its viewers for the TV series “Barzakh” and took down all of the show’s episodes from YouTube.,g80
eid81,Hamas leader Ismail Haniyeh’s,c81,https://www.sochfactcheck.com/video-from-palestine-shared-as-ismail-haniyehs-last-moments/,health,Video shows injured Hamas leader Ismail Haniyeh’s last moments before his death. ,g81
eid82,Kababjees University,c82,https://www.sochfactcheck.com/kababjees-university-of-science-and-technology-does-not-exist/,education,Kababjees University of Science and Technology does not exist,g82
eid83,Elon Musk,c83,https://www.sochfactcheck.com/elon-musk-falsely-claims-that-google-has-placed-a-search-ban-on-donald-trump/,social,"Elon Musk alleged that Google has banned searches for Republican presidential candidate Donald Trump, preventing users from finding relevant results when searching for Trump’s name.",g83
eid84,ancient times,c84,https://www.sochfactcheck.com/mexican-artist-raul-cruz-work-stone-tablet-passed-off-as-proof-of-computers-in-ancient-times/,education,A stone tablet depicting a man in front of a computer proves technology existed in “ancient times”,g84
eid85,New technology,c85,https://www.sochfactcheck.com/showing-fingers-to-the-camera-will-not-necessarily-lead-to-identity-theft/,education,"New technology allows hackers to extract fingerprints from photographs posted online where a person’s fingertips are visible, when making a peace sign, for example. These biometric details can then be used to hack into someone’s phone or commit a range of cybercrimes, including bypassing authentication processes and hacking into banking accounts. A good way to mitigate this risk is by blurring the fingertips in the photographs that you post on social media. ",g85
eid86,Stanford University,c86,https://www.sochfactcheck.com/people-fall-for-satire-stating-elon-musk-acquired-stanford-university/,education,Elon Musk has acquired Stanford University.,g86
eid87,Confucius Institutes in Pakistan,c87,https://www.sochfactcheck.com/confucius-institutes-in-pakistan-have-not-been-shut-down/,education,All Confucius Institutes in Pakistan have been shut down. Confucius Institutes are Chinese language and culture centers set up through partnerships between universities in Pakistan and the Chinese International Education Foundation.,g87
eid88, citing Gallup Pakistan,c88,https://www.sochfactcheck.com/gallup-pakistan-did-not-say-that-75-of-pakistanis-have-never-read-a-book-outside-their-syllabus/,education,"A misleading tweet claimed that “75% Pakistanis have never read a book outside their syllabus,” citing Gallup Pakistan, a survey research and consultancy firm affiliated with Gallup International, as an official source",g88
eid89,Open AI’s new model O3,c89,https://www.sochfactcheck.com/open-ais-new-reasoning-model-o3-has-not-achieved-agi/,education, Open AI’s new model O3 will change everything since artificial general intelligence (AGI) is finally here.,g89
eid90, Parachinar,c90,https://www.sochfactcheck.com/old-video-linked-to-2024-attacks-on-shia-community-in-parachinar/,religion,"A violent video of a man being beaten up in a river, with his hands and feet tied together, is from the recent attacks on the Shia community in Parachinar.",g90
eid91,e-bike battery,c91,https://www.sochfactcheck.com/e-bike-batteries-do-not-combust-inside-an-elevator/,accident,"A viral video shows a man  walking into an elevator with an e-bike battery, which almost instantly bursts into flames, causing an explosion inside the lift. In the latter half of the video, the same man can be seen being dragged out of the elevator, unconscious and almost completely covered with burn marks. ",g91
eid92,centipede,c92,https://www.sochfactcheck.com/eight-foot-centipede-captured-on-camera-bol-news-viral-video-artificial-intelligence/,social,A video claims to show an eight-foot-long centipede,g92
eid93,cure cancer,c93,https://www.sochfactcheck.com/hot-fig-water-cannot-cure-cancer/,health,"Viral posts on social media claimed that Dr Gilbert A Kwak, a professor at ICBS General Hospital, stated that hot fig water can cure cancer and that hot figs can “destroy” cancer cells.",g93
eid94,rainstorm in the UAE,c94,https://www.sochfactcheck.com/11469-2/,wheather, A viral Snapchat mashup shows several video clips of the recent rainstorm in the UAE.,g94
eid95,Disease X,c95,https://www.sochfactcheck.com/disease-x-is-a-hypothetical-disease/,health,Director General of WHO Dr Tedros Adhanom has said that Disease X is a global problem and that we should be prepared for it.,g95
eid96,India’s Narendra Modi,c96,https://www.sochfactcheck.com/viral-photos-g20-summit-2023-india-narendra-modi-joe-biden-sharing-food-ai-generated-artificial-intelligence/,health,"India’s Narendra Modi and Joe Biden are seen taking a stroll together and sharing a meal. Both are wearing traditional dresses, an orange turban, and garlands of marigolds in some pictures",g96
eid97,bird breathing,c97,https://www.sochfactcheck.com/brazilian-vfx-artist-fabricio-rabachim-work-mistaken-for-real-bird-breathing-fire/,social,A video shows a bird breathing fire from its mouth.,g97
eid98,devastating fires ,c98,https://www.sochfactcheck.com/donald-trump-did-not-ask-for-allahs-forgiveness-after-la-fires/,religion,A video shows Donald Trump seeking forgiveness from Allah following the devastating fires in Los Angeles.,g98
eid99,wildfires,c99,https://www.sochfactcheck.com/bird-claimed-to-be-responsible-for-los-angeles-la-wildfires-does-not-exist/,social,"A bird that can breathe fire or shoot fire from its eyes caused the Los Angeles wildfires, according to a video",g99
eid100,natural desasters,c100,https://www.sochfactcheck.com/does-this-video-show-people-sleeping-on-roads-after-wildfires-in-california/,social,A video shows a large group of people sleeping in an open ground after losing their homes in the Los Angeles wildfires,g100
eid101,wildfires,c101,https://www.sochfactcheck.com/ai-generated-images-of-wildfires-in-los-angeles-make-rounds-on-social-media/,social,A series of images shows the wildfire in Los Angeles.,g101
eid102,Jerusalem’s al-Aqsa mosque,c102,https://www.sochfactcheck.com/video-does-not-show-friday-prayers-at-al-aqsa-mosque/,religion,A video shows Jerusalem’s al-Aqsa mosque during Friday prayer.,g102
eid103,Chris Gayle,c103,https://www.sochfactcheck.com/chris-gayle-spotted-in-kumrat-valley/,sports,"West Indies cricketer Chris Gayle was seen enjoying the snow in Kumrat valley, Khyber Pakhtunkhwa.",g103
eid104,Luke Damant,c104,https://www.sochfactcheck.com/luke-damant-australian-vlogger-who-visited-pakistan-in-2024-not-found-dead-in-afghanistan/,social,"YouTuber Luke Damant, who was missing for days, has been found dead in Jalalabad, Afghanistan, three weeks after entering the country via Pakistan.",g104
eid105,Richard Grenell praising Imran Khan,c105,https://www.sochfactcheck.com/richard-grenell-did-not-praise-imran-khan-at-the-republican-national-convention/,political,A video shows Richard Grenell praising Imran Khan during a speech at the Republican National Convention.,g105
eid106, plane crashing,c106,https://www.sochfactcheck.com/this-video-of-firefighting-plane-crash-is-not-from-2025-los-angeles-fires/,social,A video shows a firefighting plane crashing shortly after takeoff while attempting to douse a fire in Los Angeles in January 2025,g106
eid107,inauguration ceremony,c107,https://www.sochfactcheck.com/imran-khan-not-invited-to-trumps-inauguration/,political,Donald Trump plans to invite Imran Khan along with his family to his inauguration ceremony on 20 January.,g107
eid108,independent policy,c108,https://www.sochfactcheck.com/us-president-elect-donald-trump-did-not-say-pti-imran-khan-is-also-my-leader/,political,"Donald Trump said, “I’ve learnt a lot from Imran Khan, his Islamic style, and his independent policy. He is not only the leader of Pakistanis but he is also my leader.”",g108
eid109,attacked and beaten up,c109,https://www.sochfactcheck.com/does-this-video-show-benjamin-netanyahu-being-attacked-by-israeli-mps-parliament/,social,Netanyahu is seen being “attacked and beaten up” by members of the Israeli parliament in a video,g109
eid110,Richard Grenell,c110,https://www.sochfactcheck.com/homophobic-altered-and-ai-generated-photos-target-imran-khan-and-richard-grenell/,social,"Images depict Imran Khan and Richard Grenell in intimate moments, including some showing them getting married.",g110
eid111, Khalil Ur Rahman Haqqani’s,c111,https://www.sochfactcheck.com/image-showing-khalil-ur-rahman-haqqanis-funeral-is-from-2021/,social,An image of a large gathering at a funeral apparently shows Khalil Ur Rahman Haqqani’s funeral.,g111
eid112,Alexandria Ocasio-Cortez,c112,https://www.sochfactcheck.com/us-politician-alexandria-ocasio-cortez-aoc-did-not-say-ceasefire-means-someone-sees-a-fire/,social,"Alexandria Ocasio-Cortez defines the term ceasefire as an incident when someone “sees a fire”, which “could be a big fire or a small fire, a bonfire or even a candle flame”.",g112
eid113,Riyadh Fashion Week,c113,https://www.sochfactcheck.com/structure-mimicking-the-kaaba-displayed-on-stage-at-riyadh-fashion-week-2024/,religion,"The Kaaba, a place of huge importance to Muslims around the world, was purposely disrespected during the recent Riyadh Fashion Week. A Kaaba-like model was built on the ramp, and models were made to walk around it, thus mocking the religious monument. ",g113
eid114,US Presidential Election,c114,https://www.sochfactcheck.com/did-yemen-houthi-announce-a-ceasefire-with-israel-after-trump-re-election/,political,Yemen’s Houthis announced a ceasefire with Israel following Donald Trump’s victory in the 2024 US Presidential Election.,g114
eid115,Police,c115,https://www.geo.tv/latest/588910-fact-check-fir-confirmed-police-officer-caught-selling-drugs-in-multan,social,FIR confirmed. Police officer caught selling drugs in Multan,g115
eid116,President Asif Ali Zardari,c116,https://tribune.com.pk/story/2537463/president-asif-ali-zardari-hospitalised-in-karachi,health,President Asif Ali Zardari hospitalised in Karachi,g116
eid117,Night travel,c117,"https://www.dawn.com/news/1901307#:~:text=The%20Balochistan%20government%20has%20banned,situation%2C%20it%20emerged%20on%20Sunday.",social,"The Balochistan government has banned night-time travel — mostly for public transport — on major highways in several districts amid a deteriorating security situation, it emerged on Sunday.",g117
eid118,c flight PK-306 ,c118,https://www.dawn.com/news/1897928,social,PIA aircraft’s missing wheel found at Karachi airport,g118
eid119,Eid-ul-fitar,c119,https://www.dawn.com/news/1898930,cultural,"The government has announced a three-day holiday for Eidul Fitr from March 31 to April 2, according to a notification issued on Wednesday.",g119
eid120,Maryam Nawaz,c120,https://www.thenews.com.pk/print/1297784-maryam-orders-comprehensive-development-of-rawalpindi-division,political,"Chief Minister Punjab Maryam Nawaz has ordered for comprehensive development and beautification of the entire Rawalpindi Division, with a special focus on cleanliness, park improvements and removal of encroachments.",g120
eid121,hailstorm,c121,https://www.dawn.com/news/1904758,wheather,5 dead as freak hailstorm upends life in country’s north,g121
eid122,KFC massacare,c122,https://www.dawn.com/news/1904524,health,Fast-food chain worker killed in Punjab’s Sheikhupura,g122
eid123,earthquake,c123,https://dunyanews.tv/en/Pakistan/878250-55-magnitude-earthquake-jolts-islamabad-lahore-and-other-parts-of-pa,natural diseaster,"5.5 magnitude earthquake jolts Islamabad, Lahore and other parts of Pakistan",g123
eid124,arshad nadeem,c124,https://www.sochfactcheck.com/did-arshad-nadeem-really-receive-a-cheque-for-rs2000/,education,"Federal Urdu University awarded Arshad Nadeem with Rs2,000. ",g124
eid125,arshad nadeem,c125,https://www.sochfactcheck.com/arshad-nadeem-did-not-hug-maryam-nawaz-during-her-visit-to-mian-channu/,sports,Arshad Nadeem hugged Maryam Nawaz when she visited the athlete’s residence to congratulate him on his victory in the 2024 Olympics.,g125
eid126,arshad nadeem,c126,https://jang.com.pk/news/1378675,sports,"???? ???? ?? ????? ?? ????? ??? ?????? ???????? ?? ?????? ??? ???? ???? 92.97 ???? ???? ?? ???? ????? ?? ?????? ???? ?? ????? ?????? ??? ?? ?????? ?? ????? ??? ???? ??? ?????????

????? ?? 16 ??? ??? ????? ??? ????? ?? ???????? ?????????? ?? ????? ??????? 2008 ??? 90.57 ???? ?? ???? ?? ?????? ?????? ?????",g126
eid127,arshad nadeem,c127,https://sirfpakistan.net/2024/08/11/the-best-diplomacy-comes-from-these-two-mothers-not-modi-neither-shahbaz/,sports,"In an interview following her son’s gold medal win at the Olympics 2024, Arshad Nadeem’s mother described Neeraj Chopra as like a son to her, expressing that he is both a friend and a brother to Arshad.",g127
eid128,arshad nadeem,c128,https://indianexpress.com/article/sports/sport-others/neeraj-chopra-arshad-nadeem-friendship-olympics-india-pakistan-9505555/,sports,"Fierce rivals, good friends and podium finish: The Neeraj-Arshad show has a ‘big message’ for India, Pakistan youth",g128
eid129,arshad nadeem,c129,https://www.dawn.com/news/1855588,sports,ISLAMABAD: President Asif Ali Zardari conferred the Hilal-i-Imtiaz upon Olympic javelin throw champion Arshad Nadeem on Thursday in recognition of his gold medal-winning performance in recent Paris Olympics.,g129
eid130,arshad nadeem,c130,https://urdu.geo.tv/latest/375341-,sports,????? ?????????  (?? ??? ???) ?????? ???? ???? ??  ???? ??????? ??? ??????? ?? ???? ???? ?????? ???? ??????? ???? ???? ?? ??? ?? ????? ????? ????,g130
eid131,arshad nadeem,c131,https://jang.com.pk/news/1385794,sports,????????? ?????? ?????? ???? ???? ?? 15 ???? ???? ??? ????? ???,g131
eid132,arshad nadeem,c132,https://www.aaj.tv/news/30404398,sports,???? ????? ?? ?? ?? ???? ???? ?? ???? ??? ?? 50 ???? ???? ???? ????? ???? ?? ?????,g132
eid133,arshad nadeem,c133,https://dunyanews.tv/en/Sports/833404-olympian-arshad-nadeem-receives-car-gift-from-private-motor-company,sports,Olympian Arshad Nadeem receives car gift from private motor company,g133
eid134,arshad nadeem,c134,https://www.dialoguepakistan.com/en/sports/i-prayed-for-my-husband-s-success-for-three-days-without-sleep--says-arshad-nadeem-s-wife,religion,"""I prayed for my husband's success for three days without sleep"", says Arshad Nadeem's wife",g134
eid135,arshad nadeem,c135,https://www.dawn.com/news/1851583,sports,Javelin superstar Arshad Nadeem arrived in his hometown Mian Channu to a hero’s welcome on Sunday afternoon as crowds gathered to meet the Olympic champion.,g135
eid136,arshad nadeem,c136,http://archive.wapda.gov.pk/index.php/newsmedia/sports-news/689-wapda-athlete-arshad-nadeem-once-again-made-the-nation-proud,sports,Arshad Nadeem Motivational speech for youngster at WAPDA house Lahore,g136
eid137,arshad nadeem,c137,"https://urdu.geo.tv/latest/375359-#:~:text=%D9%82%D9%88%D9%85%DB%8C%20%DB%81%DB%8C%D8%B1%D9%88%20%D8%A7%D8%B1%D8%B4%D8%AF%20%D9%86%D8%AF%DB%8C%D9%85%20%D9%BE%DB%8C%D8%B1%D8%B3,%DA%A9%DB%8C%D9%86%D9%86%20%D8%B3%D9%84%DB%8C%D9%88%D9%B9%20%D9%BE%DB%8C%D8%B4%20%DA%A9%DB%8C%D8%A7%20%DA%AF%DB%8C%D8%A7%DB%94",sports,???? ???? ???? ???? ?? ????? ?? ??? ????? ?? ????? ???? ???? ????? ???,g137
eid138,arshad shreef,c138,https://tribune.com.pk/story/2383483/arshad-sharif-receives-heros-welcome-as-body-reaches-pakistan,social,Several citizens and activists stood in solidarity as they mourned Sharif's death.,g138
eid139,arshad shreef,c139,https://www.brecorder.com/news/40205536,religion,The funeral prayers of senior journalist Arshad Sharif were offered at Shah Faisal Mosque in Islamabad on Thursday.,g139
eid140,arshad shreef,c140,https://www.npr.org/2022/10/24/1131007311/arshad-sharif-pakistani-journalist-killed-by-police-kenya,social,This is the video of #arshadshareef a few days before he left Pakistan. ,g140
eid141,arshad shreef,c141,https://tribune.com.pk/story/2383437/slain-journalist-arshad-sharifs-body-arrives-in-islamabad,social,"A plane carrying body of slain journalist Arshad Sharif, who was killed by Kenyan police, landed in Islamabad early Wednesday.

Journalists and Pakistan Tehreek-e-Insaf (PTI) leaders reached the airport to receive the body of renowned journalist.",g141
eid142,arshad shreef,c142,https://www.bbc.com/news/world-africa-63372440,social,Pakistani journalist Arshad Sharif killed in police shooting in Kenya,g142
eid143,arshad shreef,c143,https://www.arabnews.pk/node/2194031/pakistan,health,We've also obtained both postmortem reports from autopsies in Kenya & Pakistan,g143
eid144,arshad shreef,c144,https://www.bbc.com/news/world-africa-63426794,social,"The shooting dead of a prominent Pakistani investigative journalist by police in Kenya caused outrage in his home country, leaving many wondering how such a thing could have happened.",g144
eid145,arshad shreef,c145,https://www.rfi.fr/en/africa/20221025-body-of-veteran-pakistani-journalist-repatriated-from-kenya-today-was-working-on-documentary,social,"Body of slain renowned Investigative journalist ArshadSharif has been found at Kenya's Chiromo Mortuary, 78 Kilometres from where Police say shooting happened. Body appears to have two gunshot wounds",g145
eid146,arshad shreef,c146,https://www.thenews.com.pk/latest/1010543-mother-raises-questions-over-arshad-sharifs-torture-before-death,social,Arshad shareef four nails and one kidney we’re already taken out in Kenya,g146
eid147,arshad shreef,c147,https://www.sochfactcheck.com/photo-does-not-show-arshad-sharifs-coffin/,social,A photo shows slain journalist Arshad Sharif’s family gathered around his coffin to mourn his loss. ,g147
eid148,arshad shreef,c148,https://www.sochfactcheck.com/viral-video-does-not-show-slain-journalist-arshad-sharifs-mother/,social,A video shows journalist Arshad Sharif’s mother. He was recently killed in Kenya.,g148
eid149,arshad shreef,c149,https://www.sochfactcheck.com/6440-2/,social," Viral images and videos of a girl crying over a body in a coffin apparently show the daughter of journalist Arshad Sharif, who was recently killed in Kenya",g149
eid150,chinesefasttrain,c150,https://www.sochfactcheck.com/chinas-ultra-high-speed-maglev-train-is-not-coming-to-pakistan-soon-karachi-islamabad-travel/,technology,China’s ultra high-speed maglev train is “coming soon” to Pakistan and will reduce the travelling time between Islamabad and Karachi to 1.5 hours.,g150
eid151,crusteezdount,c151,https://www.geo.tv/latest/566094-fact-check-no-donut-shop-not-sealed-following-incident-involving-chief-justice,political,"On September 26, a social media user claimed that a few days after Chief Justice Qazi Faez Isa was “verbally abused” by a worker at Crusteez Donuts in Islamabad, the bakery had been sealed. The post has been viewed over 23,000 times and liked over 300 times to date.",g151
eid152,crusteezdount,c152,https://theprint.in/go-to-pakistan/pakistan-chief-justice-denied-a-donut-by-staff-people-want-donut-revolution-now/2287466/,political,"the Chief Justice of Pakistan purchasing pastries with his wife and daughter. The employee is seen asking the CJP, “Are you Faez Isa?” When he confirms his identity, the staff responds with a derogatory remark, saying, “Lanat ho aap pe (Damn you).”",g152
eid153,crusteezdount,c153,https://enews.hamariweb.com/pakistan/crusteez-donuts-islamabad-issues-apology-amid-ongoing-controversy/,political,???? ???? ?? ???? ???? ???? ??????? ?? ?????? ???? ?? ?? ??? ???? ????? ??????? ?? ?????? ?? ?????? ??????? ???? ?? ???? ????? ???? ?????? ?? ???,g153
eid154,Dream bazar karachi,c154,https://www.hindustantimes.com/trending/pakistan-dream-bazaar-mall-looted-by-out-of-control-mob-on-opening-day-viral-videos-101725263972899.html,social,"Newly opened Dream Bazaar Mall built by a foreign businessman in #Pakistan's Karachi Gulistan-e-Johar looted & vandalised by locals during its grand opening. Mall offered special discounts for locals, which led to massive crowds storming into the venue. Police accused of acting like bystanders",g154
eid155,Dream bazar karachi,c155,https://timesofindia.indiatimes.com/world/pakistan/matter-of-minutes-frenzied-mob-loots-karachis-dream-bazaar-in-pakistan-video-goes-viral/articleshow/112974470.cms,social,"Pakistani people looted newly opened Mall within 30 minutes of its opening  !!!
Mall closed within a hour of opening !!!",g155
eid156,Dream bazar karachi,c156,https://economictimes.indiatimes.com/news/international/world-news/dream-bazaar-turns-into-a-nightmare-mob-loots-karachi-mall-in-minutes-video-goes-viral/articleshow/112986259.cms?from=mdr,social,Dream Bazaar' turns into a nightmare: Mob loots Karachi mall in minutes,g156
eid157,Dream bazar karachi,c157,https://arynews.tv/karachi-dream-bazaar-opening-sale-chaos/,social,"Message by team Dream Bazar ??
Dream Bazar will officially only Open for Family only",g157
eid158,Human milk bank,c158,https://www.dawn.com/news/1841568,religion,"Pakistan's first Human Milk Bank, launched by the Sindh Institute of Child Health & Neonatology (SICHN), has been suspended after a new fatwa. 
The project aimed to provide breast milk to premature babies below 34 weeks and 2kg, who can't get adequate nutrition from their mothers. 
SICHN will seek guidance from Darul Uloom Karachi and the Council of Islamic Ideology. 
Initially endorsed with conditions in December 2023, a revised fatwa on June 16 led to the project's suspension. 
The milk bank intended to offer free, Shariah-compliant breast milk exclusively from Muslim donors.",g158
eid159,Human milk bank,c159,https://www.dawn.com/news/1846601,religion,Extremely unfortunate that a human milk bank project in sindh was stopped on some fatwa.,g159
eid160,Human milk bank,c160,https://www.jpost.com/international/article-807599,religion,Pakistan’s first human milk bank in Karachi suspended operations after religious scholars deemed it haram. ,g160
eid161,Human milk bank,c161,https://www.biztoday.news/2024/06/09/first-sharia-compliant-human-milk-bank-launched/,religion,First Sharia-Compliant Human Milk Bank launched,g161
eid162,imrankhan appointed as vice chanceller,c162,https://www.sochfactcheck.com/clickbait-videos-falsely-claim-imran-khan-appointed-oxford-universitys-chancellor/,education, Imran Khan has been appointed as the chancellor of the University of Oxford.,g162
eid163,imrankhan appointed as vice chanceller,c163,https://www.voanews.com/a/pakistan-s-jailed-ex-pm-khan-seeks-oxford-university-chancellor-role-/7747135.html,education,Former Pakistani PM Imran Khan will run for chancellor of Oxford University from his prison cell in Pakistan.,g163
eid164,karsaz,c164,https://www.sochfactcheck.com/natasha-danish-iqbal-is-not-on-the-board-of-directors-of-metro-power-group-karsaz-accident/,accident,"Natasha Danish Iqbal, who is responsible for the accident on Karsaz Road, is on the board of directors of Metro Power Group",g164
eid165,karsaz,c165,https://www.dawn.com/news/1857451,accident,Karsaz accident suspect gets bail after victims’ heirs ‘pardon’ her.Lawyers said suspect Natasha would not be released as she was facing a separate drug case.,g165
eid166,karsaz,c166,https://www.dawn.com/news/1858842/judge-rejects-bail-plea-of-karsaz-accident-suspect-in-drug-case,accident,Judge rejects bail plea of Karsaz accident suspect in drug case,g166
eid167,karsaz,c167,https://www.pakistantoday.com.pk/2024/09/06/victims-family-forgives-suspect-natasha-danish-in-karsaz-road-accident-case/,accident,"Victim’s family forgives suspect Natasha Danish in Karsaz road accident case.  “We have reached an agreement and have pardoned the suspect. We forgive in the name of Allah, the most merciful and compassionate.” ",g167
eid168,karsaz,c168,https://www.dawn.com/news/1855299,health,Medical report found Karsaz accident driver was ‘under influence of crystal meth’: Sindh IG,g168
eid169,karsaz,c169,https://www.sochfactcheck.com/image-of-karsaz-accident-driver-natasha-danish-is-ai-generated/,social,Karsaz accident driver Natasha Danish Ali held up the victory sign outside court. Images of her holding up the sign insinuate that she has been acquitted of the case.,g169
eid170,karsaz,c170,https://dialoguepakistan.com/en/pakistan/netizens-praise-young-boy-standing-up-for-karsaz-road-accident-victims-against-influential-family,accident,Netizens praise young boy standing up for Karsaz road accident victims against influential family,g170
eid171,karsaz,c171,https://dailyausaf.com/en/pakistan/natasha-danishs-jail-photos-from-karsaz-incident-go-viral/,accident,Natasha Danish’s Jail photos from Karsaz incident go viral,g171
eid172,karsaz,c172,https://www.dialoguepakistan.com/en/pakistan/karsaz-accident-accused-natasha-to-appear-in-court-via-videolink-due-to-security-concerns,accident,Karsaz accident case: Natasha gets special permission to appear in court via video link,g172
eid173,Nawaz shrief university justice for minahil,c173,https://tribune.com.pk/story/2498637/university-closed-after-female-students-death-in-bus-accident-in-multan,accident,"A girl Minahil died in Mian Nawaz Sharif agriculture university Multan in a university bus accident. This is the body of the dead girl placed on road like this for hours in this heat and not returning the body to parents to get them sign the papers so they cannot file case against university. Please raise voice for Minahil 

They University bus not only killed the girl but thats how they desecrated her deadbody. ",g173
eid174,Nawaz shrief university justice for minahil,c174,https://tribune.com.pk/story/2498637/university-closed-after-female-students-death-in-bus-accident-in-multan,accident,???? ???? ???? ????????? ??? 22 ???? ????? ?? ????????? ?? ?? ??? ?? ?????? ?? ???????? ????? ?? ?? ??????? ???? ?? ?????? ?? ???,g174
eid175,Nawaz shrief university justice for minahil,c175,https://fuchsiamagazine.com/what-we-know-about-the-tragic-death-of-a-university-student-in-multan/,accident,?? ??? MNAU ??? ???? ???? ???????? ??? ?? ???? ???? ???? ?? ???? ?????? ?? ?????? ????? ????,g175
eid176,Nawaz shrief university justice for minahil,c176,https://www.samaa.tv/2087321347-multan-students-protest-agriculture-varsity-closed-after-death-of-female-student,accident,? ?? ??? ??? ??? ???? ???? ????????? ????? ??? ????? ??? ?? ????(???? ????? ?? ????????? ??? ???) ?? ????????? ?? ?? ???????? ??? ?? ??? ???? ???? ?? ??????? ?? ???? ????? ???? ?? ?? ???? ?? ????? ?? ????,g176
eid177,Nawaz shrief university justice for minahil,c177,https://tribune.com.pk/story/2498637/university-closed-after-female-students-death-in-bus-accident-in-multan,accident,????? ??? ???? ???? ????????? ????????? ????? ??? ??? ????? ?? ????????? ?? ?? ??? ??? ???? ????  ???????? ????? ??? ????????? ???????? ?? ???? ?????? ??? ???? ???????? !???? ???????? ??? ????????? ???????? ?? ???? ??????? ???????,g177
eid178,PM free milk program,c178,https://www.geo.tv/latest/562693-fact-check-no-truth-to-claims-that-punjabs-free-milk-program-for-schools-is-cancelled,health,"On August 25, a social media user on X (formerly Twitter) posted: “Breaking news. The programme to provide free milk to children in schools has been suspended till next year.”",g178
eid179,PM free milk program,c179,https://www.dawn.com/news/1857201,health,CM Maryam launches school nutrition programme from DG Khan,g179
eid180,PM free milk program,c180,https://dailytimes.com.pk/1224075/eat-drink-and-study-punjab-cm-launches-school-nutrition-program/,health,"‘Eat, drink and study’: Punjab CM launches school nutrition program",g180
eid181,PM free milk program,c181,https://www.geo.tv/latest/562693-fact-check-no-truth-to-claims-that-punjabs-free-milk-program-for-schools-is-cancelled,health,??? ????? ????? ???????? ??????? ?? ????? ????? ?? ????: 5 ????? ?? ?????? ??? ????? ??? ??? ???? ???? ?? 3?527 ???? ?????? ??? ??? ???? ????? ??? ???? ???,g181
eid182,PM free milk program,c182,https://www.linkedin.com/posts/uprise-pakistan_punjabeducation-studentnutrition-educationreforms-activity-7212492464081801216-gAYq,health,Chief Minister Maryam Nawaz of Punjab has mandated the distribution of boxed milk to Schools Students Up to 5 Grade. ,g182
eid183,PM free milk program,c183,https://www.dawn.com/news/1857201,health,"Chief Minister Maryam Nawaz inaugurated Punjab's first and largest school nutrition program at Dera Ghazi Khan Primary School.
Personally distributed milk packs to students, opened them herself, and ensured they finished under her supervision.",g183
eid184,PM free milk program,c184,https://www.dawn.com/news/1857201,health,???? ?? ?????? ??? ???? ???? ?? ??? ??? ???? ???? ?? ????? ?? ??? ???,g184
eid185,PM free milk program,c185,https://www.dawn.com/news/1857201,political,???? ???? ?? ???? ?? ????? ???? ???????? ?? ?? ??? ???,g185
eid186,student federation program,c186,https://www.sochfactcheck.com/did-the-pakistan-students-federation-announce-protests-for-imran-khans-release-insaf-pti/,political,The Pakistan Students Federation has demanded Imran Khan’s release by 30 August and warned of protests if their demand is not met.,g186
eid187,Xbanned pakistan,c187,https://www.sochfactcheck.com/x-has-not-been-unbanned-in-pakistan/,technology,"After a 7-month hiatus, X is now accessible in Pakistan after the Pakistan Telecommunication Authority (PTA) formally lifted the ban on the social media platform. It may be unclear whether this restoration is permanent but users can connect and post again.",g187
eid188,Xbanned pakistan,c188,https://www.aljazeera.com/news/2024/4/17/pakistan-says-it-blocked-social-media-platform-x-over-national-security,technology,Pakistan says it blocked social media platform X over ‘national security’,g188
